customer_id,age,income_ugx,credit_score,loan_amount_ugx,loan_type,loan_purpose,loan_term_months,interest_rate_annual,monthly_payment_ugx,total_repayment_ugx,total_interest_ugx,payments_made,payments_missed,employment_status,debt_to_income_ratio,existing_debt_ugx,collateral,payment_method,region,district,season,application_date,payment_history,repayment_schedule,status
1,60,688389,659,3096361,business,Shop expansion,18,21.7,203070,3655260,558899,0,0,Farmer,68.2,9580998,Group Guarantee,Mobile Money,Central,Gomba,N/A,2023-08-27,"Application rejected, no payments made","Application rejected, no payments made",rejected
2,52,4854032,608,301875678,mortgage,House construction,138,21.8,5982848,825633024,523757346,0,0,Farmer,135.3,21065406,Group Guarantee,Cash at Branch,Central,Mityana,N/A,2023-12-11,"Application rejected, no payments made","Application rejected, no payments made",rejected
3,26,501414,671,865902,agricultural,Seed and fertilizer,15,22.9,66928,1003920,138018,0,0,Trader,33.0,3549113,Mobile Money History,Cash at Branch,Northern,Arua,Harvest Season (Sep-Nov),2024-11-08,"Application rejected, no payments made","Application rejected, no payments made",rejected
4,34,5669343,741,62358364,business,Restaurant equipment,12,16.1,5660779,67929348,5570984,12,0,Construction Worker,123.2,47571653,Salary Assignment,Cash at Branch,Western,Rukungiri,N/A,2024-10-25,"All payments on time, loan fully repaid","All payments on time, loan fully repaid",approved
5,24,3217807,601,37457371,business,Equipment purchase,18,24.5,2507648,45137664,7680293,5,14,NGO Worker,106.0,32477770,Salary Assignment,Mobile Money,Eastern,Bukwo,N/A,2023-03-09,"Defaulted after 5 payments, 14 missed payments total","Paid months 1-5, then missed payments at months 1, 2, 3...17, 18",defaulted
6,33,22558837,601,22064682,education,Books and supplies,42,23.8,779095,32721990,10657308,0,0,Farmer,14.9,93216060,Mobile Money History,Cash at Branch,Eastern,Bukwo,N/A,2024-02-13,"Application rejected, no payments made","Application rejected, no payments made",rejected
7,43,1290102,746,1435532,education,Exam registration,12,17.4,131200,1574400,138868,12,0,NGO Worker,14.5,2011245,Group Guarantee,Salary Deduction,Eastern,Bukwo,N/A,2024-09-02,"All payments on time, loan fully repaid","All payments on time, loan fully repaid",approved
8,49,4820397,681,14501903,personal,Debt consolidation,33,18.5,563982,18611406,4109503,0,36,Construction Worker,44.1,56298416,Salary Assignment,Mobile Money,Western,Bundibugyo,N/A,2023-09-27,"Defaulted after 0 payments, 36 missed payments total","Defaulted immediately, no payments made",defaulted
9,52,9258742,582,7132907,personal,Funeral costs,33,29.4,317674,10483242,3350335,33,0,SACCO Member,18.7,50763452,Salary Assignment,Bank Transfer,Eastern,Hoima,N/A,2023-01-01,"All payments on time, loan fully repaid","All payments on time, loan fully repaid",approved
10,58,1040845,663,5058188,agricultural,Irrigation equipment,15,20.2,384391,5765865,707677,0,0,Private Sector,63.3,9869816,None,Mobile Money,Central,Mukono,Growing Season (Jun-Aug),2024-07-16,"Application rejected, no payments made","Application rejected, no payments made",rejected
11,30,2272119,582,11293747,business,Transport business,54,29.9,382725,20667150,9373403,21,31,Student,36.8,16318043,Mobile Money History,SACCO Deduction,Western,Rukiga,N/A,2024-07-21,"Defaulted after 21 payments, 31 missed payments total","Paid months 1-21, then missed payments at months 1, 2, 3...51, 52",defaulted
12,34,2530160,582,2395869,personal,Funeral costs,12,29.6,233095,2797140,401271,2,13,Private Sector,35.0,23490163,Livestock,Cash at Branch,Central,Luwero,N/A,2024-08-13,"Defaulted after 2 payments, 13 missed payments total","Paid months 1-2, then missed payments at months 1, 2, 3...11, 12",defaulted
13,50,1991896,639,2578472,education,School fees,24,22.4,134276,3222624,644152,0,0,Security Guard,21.1,10303309,None,Mobile Money,Northern,Dokolo,N/A,2023-03-04,"Application rejected, no payments made","Application rejected, no payments made",rejected
14,45,11715856,466,5883040,personal,Wedding costs,12,31.1,576709,6920508,1037468,0,0,Construction Worker,21.4,69377770,Business Inventory,SACCO Deduction,Northern,Agago,N/A,2024-07-17,"Application rejected, no payments made","Application rejected, no payments made",rejected
15,26,966847,482,979146,personal,Family emergency,6,31.0,178260,1069560,90414,0,0,Construction Worker,36.2,6197936,Land Title,Bank Transfer,Eastern,Mitooma,N/A,2024-04-10,"Application rejected, no payments made","Application rejected, no payments made",rejected
16,38,2165530,575,4268722,education,Books and supplies,18,27.2,291452,5246136,977414,0,0,Boda Boda Rider,58.7,35242522,Land Title,Mobile Money,Central,Buikwe,N/A,2024-06-27,"Application rejected, no payments made","Application rejected, no payments made",rejected
17,30,932496,538,6856508,business,Stock purchase,12,31.4,673152,8077824,1221316,0,0,Private Sector,98.0,8679343,SACCO Shares,Bank Transfer,Northern,Kitgum,N/A,2024-09-26,"Application rejected, no payments made","Application rejected, no payments made",rejected
18,25,2224049,645,251199966,mortgage,Home renovation,120,20.8,4988561,598627320,347427354,0,0,Healthcare Worker,242.2,14335610,Group Guarantee,Bank Transfer,Eastern,Ntungamo,N/A,2024-04-13,"Application rejected, no payments made","Application rejected, no payments made",rejected
19,40,14434143,547,7831626,education,Books and supplies,12,33.2,775863,9310356,1478730,12,0,Civil Servant,17.2,61336900,Vehicle Logbook,Bank Transfer,Eastern,Rukiga,N/A,2024-12-21,"All payments on time, loan fully repaid","All payments on time, loan fully repaid",approved
20,39,4718538,507,247056715,mortgage,Home renovation,114,28.6,6319236,720392904,473336189,0,0,Civil Servant,154.4,34805193,Vehicle Logbook,Salary Deduction,Western,Kasese,N/A,2024-09-11,"Application rejected, no payments made","Application rejected, no payments made",rejected
21,33,6707898,737,23560359,agricultural,Storage facility,24,19.6,1194525,28668600,5108241,4,19,Boda Boda Rider,57.3,95349700,Business Inventory,Mobile Money,Central,Kassanda,Planting Season (Mar-May),2024-03-28,"Defaulted after 4 payments, 19 missed payments total","Paid months 1-4, then missed payments at months 1, 2, 3...22, 23",defaulted
22,55,9705227,601,12260646,personal,Medical expenses,6,24.8,2193769,13162614,901968,2,5,Civil Servant,26.1,12151487,SACCO Shares,Salary Deduction,Central,Buvuma,N/A,2024-01-02,"Defaulted after 2 payments, 5 missed payments total","Paid months 1-2, then missed payments at months 1, 2, 3...5, 6",defaulted
23,33,2931147,625,364729549,mortgage,Home renovation,228,23.9,7346101,1674911028,1310181479,0,0,Trader,278.1,28998143,Savings Account,SACCO Deduction,Eastern,Masindi,N/A,2024-02-26,"Application rejected, no payments made","Application rejected, no payments made",rejected
24,62,11801058,506,23566553,agricultural,Land preparation,9,32.6,2986885,26881965,3315412,0,0,Farmer,63.1,160562856,Livestock,SACCO Deduction,Northern,Nwoya,Harvest Season (Sep-Nov),2023-08-17,"Application rejected, no payments made","Application rejected, no payments made",rejected
25,21,4171287,576,13537167,agricultural,Harvest labor,6,29.4,2453564,14721384,1184217,0,0,Trader,77.5,28048379,Vehicle Logbook,Cash at Branch,Western,Mbarara,Growing Season (Jun-Aug),2023-02-09,"Application rejected, no payments made","Application rejected, no payments made",rejected
26,26,3949916,628,24290909,agricultural,Storage facility,21,27.9,1475115,30977415,6686506,0,0,Market Vendor,42.0,6577792,Land Title,SACCO Deduction,Eastern,Ntungamo,Planting Season (Mar-May),2024-11-17,"Application rejected, no payments made","Application rejected, no payments made",rejected
27,32,1146745,527,2192177,agricultural,Livestock purchase,18,36.3,159727,2875086,682909,0,0,Boda Boda Rider,27.9,5785803,Group Guarantee,Cash at Branch,Western,Kyegegwa,Dry Season (Dec-Feb),2023-05-11,"Application rejected, no payments made","Application rejected, no payments made",rejected
28,32,1795125,650,22686253,business,Transport business,60,20.2,603574,36214440,13528187,0,0,Boda Boda Rider,59.2,16524745,Business Inventory,Bank Transfer,Central,Kayunga,N/A,2024-09-13,"Application rejected, no payments made","Application rejected, no payments made",rejected
29,61,1926492,571,11791730,business,Restaurant equipment,54,30.2,401717,21692718,9900988,0,0,Unemployed,84.8,44378608,Vehicle Logbook,Cash at Branch,Eastern,Butebo,N/A,2024-09-26,"Application rejected, no payments made","Application rejected, no payments made",rejected
30,41,646277,596,4029246,agricultural,Storage facility,12,28.8,390425,4685100,655854,0,0,Boda Boda Rider,61.6,265197,SACCO Shares,Mobile Money,Eastern,Sironko,Dry Season (Dec-Feb),2024-08-12,"Application rejected, no payments made","Application rejected, no payments made",rejected
31,32,8221044,571,9062194,education,Boarding fees,24,28.6,500185,12004440,2942246,0,0,Unemployed,6.5,1094020,Livestock,Bank Transfer,Central,Kassanda,N/A,2024-06-14,"Application rejected, no payments made","Application rejected, no payments made",rejected
32,49,661303,768,889915,personal,Wedding costs,24,13.2,42392,1017408,127493,0,0,SACCO Member,26.4,4767888,None,Salary Deduction,Western,Bundibugyo,N/A,2024-07-15,"Application rejected, no payments made","Application rejected, no payments made",rejected
33,48,11238233,618,14316141,education,Vocational training,48,25.0,474682,22784736,8468595,2,49,Construction Worker,35.0,124589187,Mobile Money History,SACCO Deduction,Western,Bundibugyo,N/A,2023-08-29,"Defaulted after 2 payments, 49 missed payments total","Paid months 1-2, then missed payments at months 1, 2, 3...47, 48",defaulted
34,37,2132781,535,8145485,business,Stock purchase,18,33.3,581039,10458702,2313217,0,0,Private Sector,31.8,3519721,Group Guarantee,SACCO Deduction,Eastern,Gulu,N/A,2023-07-31,"Application rejected, no payments made","Application rejected, no payments made",rejected
35,46,2224903,685,7494185,personal,Debt consolidation,30,19.9,319101,9573030,2078845,0,0,Market Vendor,52.1,30204125,Group Guarantee,SACCO Deduction,Western,Bundibugyo,N/A,2024-07-13,"Application rejected, no payments made","Application rejected, no payments made",rejected
36,58,9095565,522,17243285,agricultural,Livestock purchase,21,32.2,1084755,22779855,5536570,0,0,Farmer,26.5,47693694,Savings Account,SACCO Deduction,Northern,Maracha,Growing Season (Jun-Aug),2023-01-28,"Application rejected, no payments made","Application rejected, no payments made",rejected
37,45,2613674,636,15850189,education,Exam registration,18,23.8,1055692,19002456,3152267,0,0,Private Sector,41.9,1419418,Livestock,SACCO Deduction,Northern,Alebtong,N/A,2023-10-12,"Application rejected, no payments made","Application rejected, no payments made",rejected
38,68,26145368,463,13075224,personal,Home repairs,24,34.5,761699,18280776,5205552,0,0,Teacher,4.3,13073254,Vehicle Logbook,Mobile Money,Western,Kisoro,N/A,2023-07-24,"Application rejected, no payments made","Application rejected, no payments made",rejected
39,21,3500530,513,11212104,education,Boarding fees,12,35.7,1124711,13496532,2284428,0,0,Self-Employed,50.7,23441261,Salary Assignment,Bank Transfer,Western,Bundibugyo,N/A,2023-04-28,"Application rejected, no payments made","Application rejected, no payments made",rejected
40,69,7609183,635,401394246,mortgage,House construction,60,22.3,11154647,669278820,267884574,0,0,Private Sector,173.8,74620841,Livestock,Mobile Money,Northern,Apac,N/A,2023-04-15,"Application rejected, no payments made","Application rejected, no payments made",rejected
41,64,10739980,679,6059015,personal,Wedding costs,30,19.4,256485,7694550,1635535,30,0,Healthcare Worker,13.1,41406941,Mobile Money History,Cash at Branch,Western,Fort Portal,N/A,2024-05-16,"All payments on time, loan fully repaid","All payments on time, loan fully repaid",approved
42,26,1759563,633,8186042,education,Boarding fees,18,22.7,540839,9735102,1549060,0,0,Boda Boda Rider,55.1,15423177,Mobile Money History,SACCO Deduction,Western,Kamwenge,N/A,2024-08-29,"Application rejected, no payments made","Application rejected, no payments made",rejected
43,37,1514840,610,4539021,personal,Family emergency,15,23.0,351053,5265795,726774,3,12,Construction Worker,40.2,9292258,Land Title,SACCO Deduction,Northern,Alebtong,N/A,2023-12-15,"Defaulted after 3 payments, 12 missed payments total","Paid months 1-3, then missed payments at months 1, 2, 3...14, 15",defaulted
44,37,10881955,595,28217088,agricultural,Irrigation equipment,3,31.8,9908543,29725629,1508541,0,0,SACCO Member,93.6,10061673,Mobile Money History,Bank Transfer,Northern,Lira,Dry Season (Dec-Feb),2024-04-03,"Application rejected, no payments made","Application rejected, no payments made",rejected
45,70,254264,501,448212,education,Exam registration,24,34.0,25993,623832,175620,0,0,Farmer,26.2,1463726,Mobile Money History,Cash at Branch,Western,Rubanda,N/A,2023-10-05,"Application rejected, no payments made","Application rejected, no payments made",rejected
46,39,1253033,562,4511861,business,Transport business,36,30.0,191536,6895296,2383435,0,0,Market Vendor,53.3,17157325,Livestock,SACCO Deduction,Eastern,Bushenyi,N/A,2024-09-03,"Application rejected, no payments made","Application rejected, no payments made",rejected
47,38,18513505,583,43048069,business,Shop expansion,36,28.2,1785277,64269972,21221903,36,0,Teacher,28.5,125835876,Land Title,Mobile Money,Eastern,Isingiro,N/A,2024-10-15,"All payments on time, loan fully repaid","All payments on time, loan fully repaid",approved
48,68,2551444,704,18614427,agricultural,Seed and fertilizer,24,17.8,927511,22260264,3645837,10,17,Healthcare Worker,41.0,4233542,None,Mobile Money,Central,Nakasongola,Planting Season (Mar-May),2023-06-05,"Defaulted after 10 payments, 17 missed payments total","Paid months 1-10, then missed payments at months 1, 2, 3...23, 24",defaulted
49,29,7548757,647,70955445,business,Equipment purchase,12,25.4,6757684,81092208,10136763,0,0,Private Sector,113.2,64466392,Group Guarantee,SACCO Deduction,Eastern,Kween,N/A,2024-08-25,"Application rejected, no payments made","Application rejected, no payments made",rejected
50,47,2302388,478,121778852,mortgage,Commercial building,240,33.7,3424400,821856000,700077148,0,0,Civil Servant,153.6,4018630,Vehicle Logbook,Bank Transfer,Eastern,Ntungamo,N/A,2023-03-18,"Application rejected, no payments made","Application rejected, no payments made",rejected
51,30,336193,645,55901810,mortgage,Home renovation,150,20.1,1020851,153127650,97225840,0,0,Market Vendor,315.2,1394767,None,Mobile Money,Western,Bunyangabu,N/A,2024-10-02,"Application rejected, no payments made","Application rejected, no payments made",rejected
52,57,3329713,589,5436532,personal,Funeral costs,27,28.6,275349,7434423,1997891,0,0,Student,53.7,54445489,Land Title,Bank Transfer,Eastern,Gulu,N/A,2024-08-05,"Application rejected, no payments made","Application rejected, no payments made",rejected
53,38,1982930,565,6550463,agricultural,Livestock purchase,21,30.0,404736,8499456,1948993,3,21,Market Vendor,40.2,14099923,Land Title,SACCO Deduction,Central,Butambala,Harvest Season (Sep-Nov),2024-08-24,"Defaulted after 3 payments, 21 missed payments total","Paid months 1-3, then missed payments at months 1, 2, 3...20, 21",defaulted
54,21,21043289,668,14468490,personal,Medical expenses,9,20.1,1745228,15707052,1238562,9,0,Healthcare Worker,19.3,83753650,SACCO Shares,SACCO Deduction,Western,Rukungiri,N/A,2024-04-26,"All payments on time, loan fully repaid","All payments on time, loan fully repaid",approved
55,42,1673307,702,6369840,personal,Family emergency,9,15.6,754556,6791004,421164,0,0,Boda Boda Rider,68.2,13928405,Mobile Money History,Mobile Money,Northern,Pakwach,N/A,2023-09-16,"Application rejected, no payments made","Application rejected, no payments made",rejected
56,40,823808,694,41499386,mortgage,Rental property,216,18.6,667310,144138960,102639574,0,0,Construction Worker,100.9,5900306,Livestock,Salary Deduction,Northern,Lira,N/A,2024-10-02,"Application rejected, no payments made","Application rejected, no payments made",rejected
57,48,6707570,552,340210827,mortgage,Home renovation,84,25.8,8786071,738029964,397819137,0,0,Teacher,149.6,44962185,SACCO Shares,Bank Transfer,Central,Kampala,N/A,2024-07-18,"Application rejected, no payments made","Application rejected, no payments made",rejected
58,20,2890947,595,3416227,personal,Home repairs,24,28.6,188558,4525392,1109165,0,0,Farmer,13.2,6943908,Business Inventory,SACCO Deduction,Western,Buhweju,N/A,2024-04-12,"Application rejected, no payments made","Application rejected, no payments made",rejected
59,55,599869,646,130159139,mortgage,Commercial building,156,23.5,2678974,417919944,287760805,0,0,SACCO Member,472.5,5597672,Group Guarantee,Cash at Branch,Western,Bundibugyo,N/A,2023-10-01,"Application rejected, no payments made","Application rejected, no payments made",rejected
60,20,1626116,698,435608794,mortgage,Rental property,168,18.0,7117631,1195762008,760153214,0,0,Construction Worker,443.2,3189560,Salary Assignment,Salary Deduction,Northern,Amolatar,N/A,2024-04-11,"Application rejected, no payments made","Application rejected, no payments made",rejected
61,40,10851040,581,542582613,mortgage,House construction,132,27.4,13051840,1722842880,1180260267,0,0,Farmer,138.1,69534457,None,SACCO Deduction,Western,Ntoroko,N/A,2024-05-22,"Application rejected, no payments made","Application rejected, no payments made",rejected
62,22,748121,605,792281,personal,Family emergency,24,24.1,41928,1006272,213991,0,0,Construction Worker,22.4,4512254,Savings Account,Mobile Money,Eastern,Busia,N/A,2024-09-30,"Application rejected, no payments made","Application rejected, no payments made",rejected
63,64,1168433,531,3824779,agricultural,Harvest labor,21,35.8,247722,5202162,1377383,0,0,Construction Worker,53.7,13687246,Land Title,Salary Deduction,Northern,Kwania,Planting Season (Mar-May),2023-08-21,"Application rejected, no payments made","Application rejected, no payments made",rejected
64,67,503225,524,600504,personal,Home repairs,24,34.2,34888,837312,236808,0,0,Security Guard,37.0,5455506,Land Title,Cash at Branch,Central,Buikwe,N/A,2024-06-27,"Application rejected, no payments made","Application rejected, no payments made",rejected
65,46,3255213,685,47412727,business,Restaurant equipment,12,22.5,4448982,53387784,5975057,0,0,Self-Employed,161.5,29048965,SACCO Shares,Bank Transfer,Eastern,Budaka,N/A,2023-09-18,"Application rejected, no payments made","Application rejected, no payments made",rejected
66,49,1019707,728,6194065,education,Vocational training,30,16.2,252465,7573950,1379885,30,0,SACCO Member,27.0,813428,Business Inventory,SACCO Deduction,Western,Ibanda,N/A,2023-07-23,"All payments on time, loan fully repaid","All payments on time, loan fully repaid",approved
67,44,5894672,614,22234823,education,Boarding fees,36,23.2,863023,31068828,8834005,0,0,Farmer,44.9,64303524,Business Inventory,Mobile Money,Central,Kalangala,N/A,2023-02-20,"Application rejected, no payments made","Application rejected, no payments made",rejected
68,58,11986359,700,35630218,agricultural,Livestock purchase,12,16.9,3247955,38975460,3345242,12,0,SACCO Member,32.8,24613095,Savings Account,Mobile Money,Western,Kyegegwa,Planting Season (Mar-May),2024-01-09,"All payments on time, loan fully repaid","All payments on time, loan fully repaid",approved
69,66,709445,648,2039110,education,Vocational training,18,22.5,134523,2421414,382304,0,0,Trader,38.7,5051377,Mobile Money History,Cash at Branch,Western,Buhweju,N/A,2024-05-08,"Application rejected, no payments made","Application rejected, no payments made",rejected
70,38,7841349,568,4552330,personal,Family emergency,24,26.6,246635,5919240,1366910,24,0,Security Guard,35.4,90943985,Mobile Money History,Cash at Branch,Northern,Nebbi,N/A,2024-07-03,"All payments on time, loan fully repaid","All payments on time, loan fully repaid",approved
71,27,3599584,648,5435283,education,Boarding fees,36,24.7,215244,7748784,2313501,36,0,Healthcare Worker,17.8,15274085,Livestock,Mobile Money,Western,Kamwenge,N/A,2023-11-06,"All payments on time, loan fully repaid","All payments on time, loan fully repaid",approved
72,61,1293133,743,4779000,personal,Funeral costs,15,14.5,350261,5253915,474915,0,0,Civil Servant,32.6,2550472,None,Cash at Branch,Eastern,Buhweju,N/A,2024-03-05,"Application rejected, no payments made","Application rejected, no payments made",rejected
73,57,6296232,617,19567877,education,Vocational training,12,24.5,1855069,22260828,2692951,0,0,SACCO Member,57.6,63854956,Salary Assignment,Bank Transfer,Western,Kabale,N/A,2023-04-12,"Application rejected, no payments made","Application rejected, no payments made",rejected
74,63,2352299,745,5804671,personal,Home repairs,21,14.8,315443,6624303,819632,10,11,Trader,17.9,3793101,Livestock,Salary Deduction,Northern,Arua,N/A,2024-08-01,"Defaulted after 10 payments, 11 missed payments total","Paid months 1-10, then missed payments at months 1, 2, 3...20, 21",defaulted
75,33,981128,410,64692676,mortgage,House construction,96,30.0,1784005,171264480,106571804,0,0,Farmer,188.2,2258404,Savings Account,Bank Transfer,Central,Nakasongola,N/A,2023-04-23,"Application rejected, no payments made","Application rejected, no payments made",rejected
76,62,6105645,685,45622895,agricultural,Irrigation equipment,12,21.3,4254692,51056304,5433409,0,0,Civil Servant,73.8,8936637,Group Guarantee,Salary Deduction,Central,Mpigi,Planting Season (Mar-May),2024-04-04,"Application rejected, no payments made","Application rejected, no payments made",rejected
77,69,2245007,626,11442283,education,Exam registration,24,22.2,594735,14273640,2831357,0,0,Private Sector,50.0,18990180,Land Title,Mobile Money,Western,Rukiga,N/A,2024-03-12,"Application rejected, no payments made","Application rejected, no payments made",rejected
78,63,865108,596,2983938,personal,Wedding costs,18,26.6,202847,3651246,667308,0,0,Private Sector,27.2,1179029,SACCO Shares,Salary Deduction,Western,Rwampara,N/A,2023-04-12,"Application rejected, no payments made","Application rejected, no payments made",rejected
79,70,10492130,627,524634683,mortgage,Land purchase,198,21.7,9768148,1934093304,1409458621,0,0,Boda Boda Rider,134.5,156541836,None,SACCO Deduction,Northern,Alebtong,N/A,2023-11-17,"Application rejected, no payments made","Application rejected, no payments made",rejected
80,47,1534542,460,3350661,business,Transport business,48,31.5,123585,5932080,2581419,0,0,Trader,11.2,1729136,Salary Assignment,Bank Transfer,Northern,Kitgum,N/A,2024-07-29,"Application rejected, no payments made","Application rejected, no payments made",rejected
81,41,4223056,602,11762769,education,Vocational training,6,24.4,2102321,12613926,851157,0,0,Trader,62.7,19602284,None,Bank Transfer,Eastern,Hoima,N/A,2024-07-23,"Application rejected, no payments made","Application rejected, no payments made",rejected
82,43,692099,648,8473873,business,Equipment purchase,42,25.2,305628,12836376,4362503,0,0,Healthcare Worker,63.3,4780253,Business Inventory,Mobile Money,Central,Butambala,N/A,2023-12-14,"Application rejected, no payments made","Application rejected, no payments made",rejected
83,42,175105,738,385084,education,Vocational training,12,17.0,35121,421452,36368,12,0,Healthcare Worker,44.4,1531519,Livestock,SACCO Deduction,Central,Luwero,N/A,2023-11-16,"All payments on time, loan fully repaid","All payments on time, loan fully repaid",approved
84,66,2190329,578,2400262,personal,Wedding costs,3,26.6,835817,2507451,107189,0,0,Healthcare Worker,53.6,12179419,None,SACCO Deduction,Central,Nakasongola,N/A,2024-02-29,"Application rejected, no payments made","Application rejected, no payments made",rejected
85,37,2074468,555,3934889,agricultural,Seed and fertilizer,21,29.1,241333,5067993,1133104,0,0,Private Sector,32.0,15200978,Business Inventory,Mobile Money,Northern,Oyam,Growing Season (Jun-Aug),2023-07-29,"Application rejected, no payments made","Application rejected, no payments made",rejected
86,39,16604835,579,27614794,agricultural,Harvest labor,15,28.5,2209891,33148365,5533571,0,0,Security Guard,29.9,99108015,Savings Account,SACCO Deduction,Northern,Agago,Growing Season (Jun-Aug),2023-03-15,"Application rejected, no payments made","Application rejected, no payments made",rejected
87,45,5354857,693,3983745,personal,Funeral costs,24,21.4,205491,4931784,948039,5,18,Student,32.6,55495943,Group Guarantee,Cash at Branch,Northern,Koboko,N/A,2024-04-16,"Defaulted after 5 payments, 18 missed payments total","Paid months 1-5, then missed payments at months 1, 2, 3...22, 23",defaulted
88,64,14957148,646,11133293,personal,Funeral costs,12,24.4,1054916,12658992,1525699,1,13,Student,33.3,141065735,Salary Assignment,Bank Transfer,Northern,Omoro,N/A,2023-07-18,"Defaulted after 1 payments, 13 missed payments total","Paid months 1-1, then missed payments at months 1, 2, 3...11, 12",defaulted
89,69,2353592,577,8156731,business,Restaurant equipment,24,27.6,446050,10705200,2548469,0,0,Construction Worker,26.2,6128724,Vehicle Logbook,Bank Transfer,Eastern,Namisindwa,N/A,2024-05-20,"Application rejected, no payments made","Application rejected, no payments made",rejected
90,49,11374311,661,26733078,education,School fees,36,19.3,983988,35423568,8690490,36,0,Healthcare Worker,19.6,45017991,Business Inventory,Cash at Branch,Northern,Kole,N/A,2023-11-14,"All payments on time, loan fully repaid","All payments on time, loan fully repaid",approved
91,49,2738614,627,5768461,agricultural,Livestock purchase,6,26.5,1037071,6222426,453965,0,0,Trader,56.5,18330351,Mobile Money History,Mobile Money,Northern,Otuke,Dry Season (Dec-Feb),2024-10-29,"Application rejected, no payments made","Application rejected, no payments made",rejected
92,32,1997466,697,19111979,business,Stock purchase,6,19.4,3367975,20207850,1095871,0,0,NGO Worker,194.1,18318947,Vehicle Logbook,Salary Deduction,Western,Bunyangabu,N/A,2023-09-11,"Application rejected, no payments made","Application rejected, no payments made",rejected
93,65,1921534,563,138689811,mortgage,Home renovation,174,25.5,3025098,526367052,387677241,0,0,NGO Worker,183.4,17991236,Salary Assignment,Salary Deduction,Northern,Dokolo,N/A,2023-03-09,"Application rejected, no payments made","Application rejected, no payments made",rejected
94,41,805341,593,3601784,agricultural,Irrigation equipment,9,28.3,448854,4039686,437902,0,0,Teacher,73.4,5130566,Group Guarantee,Bank Transfer,Western,Isingiro,Planting Season (Mar-May),2024-10-20,"Application rejected, no payments made","Application rejected, no payments made",rejected
95,70,1268002,588,236816066,mortgage,Home renovation,72,26.7,6628397,477244584,240428518,0,0,Boda Boda Rider,546.5,10832042,Business Inventory,Bank Transfer,Central,Buvuma,N/A,2024-05-12,"Application rejected, no payments made","Application rejected, no payments made",rejected
96,32,1288495,502,1068462,personal,Home repairs,15,33.0,87891,1318365,249903,0,0,Self-Employed,28.4,10015083,SACCO Shares,Bank Transfer,Central,Buikwe,N/A,2023-06-16,"Application rejected, no payments made","Application rejected, no payments made",rejected
97,31,11468437,643,25869023,business,Shop expansion,48,24.6,851981,40895088,15026065,0,0,Healthcare Worker,24.3,69811430,SACCO Shares,Cash at Branch,Eastern,Pallisa,N/A,2024-06-30,"Application rejected, no payments made","Application rejected, no payments made",rejected
98,35,1983597,640,23107292,business,Shop expansion,36,26.9,942121,33916356,10809064,0,0,SACCO Member,61.3,9890499,Group Guarantee,Salary Deduction,Western,Bundibugyo,N/A,2023-07-24,"Application rejected, no payments made","Application rejected, no payments made",rejected
99,58,662147,620,2656985,education,University tuition,36,25.7,106627,3838572,1181587,36,0,Civil Servant,32.7,3956836,Vehicle Logbook,Bank Transfer,Central,Kayunga,N/A,2024-03-23,"All payments on time, loan fully repaid","All payments on time, loan fully repaid",approved
100,25,19450359,601,25335907,education,Boarding fees,36,22.1,968901,34880436,9544529,3,35,Construction Worker,6.9,13673425,Group Guarantee,Mobile Money,Western,Kisoro,N/A,2023-12-10,"Defaulted after 3 payments, 35 missed payments total","Paid months 1-3, then missed payments at months 1, 2, 3...35, 36",defaulted
101,70,440163,506,1699697,education,Books and supplies,18,32.8,120813,2174634,474937,0,0,Teacher,43.9,2600193,Business Inventory,Bank Transfer,Central,Kampala,N/A,2024-09-15,"Application rejected, no payments made","Application rejected, no payments made",rejected
102,53,1604192,586,2405294,agricultural,Livestock purchase,6,29.0,435465,2612790,207496,0,0,Farmer,54.8,15990019,Vehicle Logbook,SACCO Deduction,Northern,Arua,Planting Season (Mar-May),2023-09-05,"Application rejected, no payments made","Application rejected, no payments made",rejected
103,65,850089,592,107080421,mortgage,Commercial building,126,26.3,2510292,316296792,209216371,0,0,Civil Servant,299.7,1337561,Salary Assignment,Mobile Money,Central,Luwero,N/A,2024-06-03,"Application rejected, no payments made","Application rejected, no payments made",rejected
104,70,12682306,555,17005939,education,Boarding fees,6,27.5,3065951,18395706,1389767,0,0,Student,42.8,85218031,Vehicle Logbook,Cash at Branch,Central,Buvuma,N/A,2024-10-05,"Application rejected, no payments made","Application rejected, no payments made",rejected
105,26,11167195,607,12654853,agricultural,Harvest labor,9,25.4,1559060,14031540,1376687,3,4,Security Guard,25.2,45367478,None,SACCO Deduction,Eastern,Bukwo,Growing Season (Jun-Aug),2023-07-26,"Defaulted after 3 payments, 4 missed payments total","Paid months 1-3, then missed payments at months 1, 2, 3...6, 7",defaulted
106,22,5351532,652,41793705,agricultural,Irrigation equipment,21,21.9,2413732,50688372,8894667,0,0,Trader,46.4,2586899,Salary Assignment,Mobile Money,Eastern,Kiruhura,Harvest Season (Sep-Nov),2024-02-14,"Application rejected, no payments made","Application rejected, no payments made",rejected
107,67,1810852,770,26843669,business,Shop expansion,48,13.0,720148,34567104,7723435,0,0,Trader,73.7,22094020,Vehicle Logbook,SACCO Deduction,Western,Kasese,N/A,2024-07-12,"Application rejected, no payments made","Application rejected, no payments made",rejected
108,38,1167916,633,8649141,agricultural,Irrigation equipment,15,26.4,683236,10248540,1599399,0,0,Trader,74.1,6569214,None,Mobile Money,Northern,Amolatar,Harvest Season (Sep-Nov),2023-10-09,"Application rejected, no payments made","Application rejected, no payments made",rejected
109,60,13924617,640,24178617,education,Vocational training,36,25.2,963897,34700292,10521675,24,14,Private Sector,27.3,102173750,SACCO Shares,SACCO Deduction,Central,Mpigi,N/A,2024-01-06,"Defaulted after 24 payments, 14 missed payments total","Paid months 1-24, then missed payments at months 11, 12, 13...35, 36",defaulted
110,44,13086671,614,51068348,business,Stock purchase,48,24.5,1679069,80595312,29526964,48,0,Healthcare Worker,31.9,89876118,Salary Assignment,SACCO Deduction,Eastern,Kween,N/A,2023-01-27,"All payments on time, loan fully repaid","All payments on time, loan fully repaid",approved
111,67,942895,466,64712285,mortgage,House construction,78,32.6,2005946,156463788,91751503,0,0,Student,247.9,11949007,Business Inventory,SACCO Deduction,Eastern,Manafwa,N/A,2023-03-17,"Application rejected, no payments made","Application rejected, no payments made",rejected
112,48,866732,617,6818789,agricultural,Irrigation equipment,18,24.3,455828,8204904,1386115,2,15,Private Sector,68.9,5075106,Savings Account,Cash at Branch,Western,Rukungiri,Growing Season (Jun-Aug),2023-01-27,"Defaulted after 2 payments, 15 missed payments total","Paid months 1-2, then missed payments at months 1, 2, 3...16, 17",defaulted
113,43,4047325,624,366634886,mortgage,Rental property,84,23.5,8931443,750241212,383606326,0,0,Unemployed,225.1,6386494,None,Salary Deduction,Northern,Koboko,N/A,2024-08-11,"Application rejected, no payments made","Application rejected, no payments made",rejected
114,24,732427,817,2320059,personal,Home repairs,24,12.7,109973,2639352,319293,1,25,Boda Boda Rider,31.1,4239176,Group Guarantee,Salary Deduction,Eastern,Fort Portal,N/A,2023-11-08,"Defaulted after 1 payments, 25 missed payments total","Paid months 1-1, then missed payments at months 1, 2, 3...23, 24",defaulted
115,30,636422,604,69945418,mortgage,Commercial building,228,23.4,1380834,314830152,244884734,0,0,Trader,226.2,2105277,Business Inventory,Salary Deduction,Western,Bushenyi,N/A,2024-10-18,"Application rejected, no payments made","Application rejected, no payments made",rejected
116,30,4935407,644,58231660,business,Transport business,60,26.6,1764227,105853620,47621960,0,0,Self-Employed,49.3,23994577,Vehicle Logbook,Mobile Money,Central,Kampala,N/A,2023-09-29,"Application rejected, no payments made","Application rejected, no payments made",rejected
117,61,2199858,617,126252518,mortgage,Rental property,180,22.0,2406065,433091700,306839182,0,0,Student,140.7,24834091,Business Inventory,SACCO Deduction,Western,Kyenjojo,N/A,2023-11-01,"Application rejected, no payments made","Application rejected, no payments made",rejected
118,49,462823,526,1246959,education,University tuition,42,32.8,50285,2111970,865011,0,0,Self-Employed,24.5,2267264,Salary Assignment,Cash at Branch,Eastern,Rwampara,N/A,2024-01-15,"Application rejected, no payments made","Application rejected, no payments made",rejected
119,52,3838469,711,10894094,education,University tuition,12,15.8,987400,11848800,954706,12,0,Farmer,31.8,8435769,Group Guarantee,Salary Deduction,Central,Kayunga,N/A,2023-12-02,"All payments on time, loan fully repaid","All payments on time, loan fully repaid",approved
120,56,6592443,680,82270084,business,Shop expansion,48,20.9,2543127,122070096,39800012,0,0,Security Guard,67.9,69543074,Vehicle Logbook,SACCO Deduction,Northern,Gulu,N/A,2023-08-09,"Application rejected, no payments made","Application rejected, no payments made",rejected
121,57,1105990,683,2950026,education,Books and supplies,48,20.1,89928,4316544,1366518,12,34,Teacher,30.7,8994855,Business Inventory,Cash at Branch,Northern,Pader,N/A,2024-07-29,"Defaulted after 12 payments, 34 missed payments total","Paid months 1-12, then missed payments at months 1, 2, 3...45, 46",defaulted
122,32,1605241,547,5415155,education,Vocational training,48,31.7,200368,9617664,4202509,0,0,Private Sector,42.2,17147472,Vehicle Logbook,SACCO Deduction,Central,Mpigi,N/A,2024-07-25,"Application rejected, no payments made","Application rejected, no payments made",rejected
123,43,6669818,732,467729541,mortgage,Commercial building,132,12.2,6453040,851801280,384071739,0,0,Healthcare Worker,97.7,2335941,None,Salary Deduction,Western,Kasese,N/A,2023-05-24,"Application rejected, no payments made","Application rejected, no payments made",rejected
124,40,22688094,507,13834308,education,School fees,30,32.0,675746,20272380,6438072,0,0,Self-Employed,36.1,270609227,SACCO Shares,Cash at Branch,Northern,Koboko,N/A,2024-01-13,"Application rejected, no payments made","Application rejected, no payments made",rejected
125,41,4247096,666,36096306,agricultural,Storage facility,3,21.1,12457689,37373067,1276761,0,0,Healthcare Worker,309.7,25059220,SACCO Shares,SACCO Deduction,Eastern,Lira,Growing Season (Jun-Aug),2024-09-26,"Application rejected, no payments made","Application rejected, no payments made",rejected
126,69,6239632,795,89328344,business,Working capital,6,14.8,15537289,93223734,3895390,0,0,Construction Worker,253.0,9051340,Salary Assignment,SACCO Deduction,Central,Kiboga,N/A,2024-05-28,"Application rejected, no payments made","Application rejected, no payments made",rejected
127,69,4478056,540,3397347,personal,Wedding costs,36,33.1,150051,5401836,2004489,0,0,Construction Worker,23.9,33154207,Group Guarantee,Cash at Branch,Northern,Oyam,N/A,2024-06-29,"Application rejected, no payments made","Application rejected, no payments made",rejected
128,41,3608815,574,10076216,education,Exam registration,24,27.1,548458,13162992,3086776,0,0,Healthcare Worker,22.7,9695054,Business Inventory,Bank Transfer,Western,Bundibugyo,N/A,2023-12-24,"Application rejected, no payments made","Application rejected, no payments made",rejected
129,55,21175712,627,12180408,personal,Debt consolidation,30,25.6,553876,16616280,4435872,30,0,Teacher,13.1,80203254,Savings Account,Cash at Branch,Western,Bundibugyo,N/A,2023-03-22,"All payments on time, loan fully repaid","All payments on time, loan fully repaid",approved
130,42,20604831,579,13692553,education,Books and supplies,24,29.3,760664,18255936,4563383,0,27,Market Vendor,14.5,80447672,Vehicle Logbook,Salary Deduction,Western,Bushenyi,N/A,2023-08-20,"Defaulted after 0 payments, 27 missed payments total","Defaulted immediately, no payments made",defaulted
131,60,1210130,495,1631845,agricultural,Harvest labor,24,36.1,96443,2314632,682787,0,0,Student,14.8,2994353,None,SACCO Deduction,Eastern,Busia,Growing Season (Jun-Aug),2023-11-25,"Application rejected, no payments made","Application rejected, no payments made",rejected
132,38,2875225,625,163785592,mortgage,Home renovation,102,23.7,3744080,381896160,218110568,0,0,Boda Boda Rider,138.4,8456290,Group Guarantee,SACCO Deduction,Eastern,Soroti,N/A,2023-02-08,"Application rejected, no payments made","Application rejected, no payments made",rejected
133,20,2264127,535,9886839,agricultural,Seed and fertilizer,15,37.9,837700,12565500,2678661,0,0,Private Sector,53.3,13285093,Mobile Money History,SACCO Deduction,Northern,Pader,Harvest Season (Sep-Nov),2023-12-05,"Application rejected, no payments made","Application rejected, no payments made",rejected
134,30,10438211,657,66122852,business,Transport business,6,22.2,11744949,70469694,4346842,0,0,Teacher,127.7,56895553,SACCO Shares,SACCO Deduction,Eastern,Kasese,N/A,2023-12-02,"Application rejected, no payments made","Application rejected, no payments made",rejected
135,25,1200037,546,5114641,business,Equipment purchase,48,36.6,204298,9806304,4691663,0,0,Self-Employed,17.3,118028,None,Cash at Branch,Northern,Nwoya,N/A,2024-08-19,"Application rejected, no payments made","Application rejected, no payments made",rejected
136,66,3597033,743,5681579,agricultural,Harvest labor,12,18.7,522782,6273384,591805,0,0,Boda Boda Rider,36.3,28123891,Mobile Money History,Cash at Branch,Eastern,Mitooma,Planting Season (Mar-May),2024-09-21,"Application rejected, no payments made","Application rejected, no payments made",rejected
137,34,1280114,557,12722841,business,Restaurant equipment,48,28.5,447066,21459168,8736327,0,0,Unemployed,81.7,21565539,Mobile Money History,Bank Transfer,Northern,Zombo,N/A,2024-09-02,"Application rejected, no payments made","Application rejected, no payments made",rejected
138,70,868449,594,5601039,agricultural,Livestock purchase,6,28.4,1012339,6074034,472995,0,0,NGO Worker,140.1,7341429,Mobile Money History,Bank Transfer,Eastern,Bulambuli,Growing Season (Jun-Aug),2024-03-28,"Application rejected, no payments made","Application rejected, no payments made",rejected
139,27,4945898,685,9946908,personal,Debt consolidation,27,21.2,466412,12593124,2646216,0,0,Unemployed,39.7,53823117,SACCO Shares,Mobile Money,Northern,Kole,N/A,2023-11-12,"Application rejected, no payments made","Application rejected, no payments made",rejected
140,66,233408,521,345190,personal,Medical expenses,36,33.5,15323,551628,206438,0,0,Construction Worker,8.2,139537,Vehicle Logbook,Salary Deduction,Western,Bunyangabu,N/A,2024-04-28,"Application rejected, no payments made","Application rejected, no payments made",rejected
141,22,1377448,638,9037307,business,Stock purchase,42,27.0,334865,14064330,5027023,42,0,Security Guard,37.1,6322149,Vehicle Logbook,Salary Deduction,Northern,Apac,N/A,2023-07-02,"All payments on time, loan fully repaid","All payments on time, loan fully repaid",approved
142,54,1267066,724,15220717,business,Restaurant equipment,6,15.1,2649675,15898050,677333,2,3,Market Vendor,221.1,5443856,Group Guarantee,Bank Transfer,Northern,Kwania,N/A,2023-04-26,"Defaulted after 2 payments, 3 missed payments total","Paid months 1-2, missed at months 1, 2, 3, 4, 5",defaulted
143,22,8516845,491,4312445,personal,Home repairs,12,30.4,421257,5055084,742639,0,0,Healthcare Worker,19.8,45526772,Land Title,Bank Transfer,Northern,Adjumani,N/A,2024-07-06,"Application rejected, no payments made","Application rejected, no payments made",rejected
144,33,11510093,634,42432327,business,Restaurant equipment,54,23.9,1289757,69646878,27214551,54,0,Civil Servant,32.6,88601646,SACCO Shares,Cash at Branch,Western,Ibanda,N/A,2024-06-17,"All payments on time, loan fully repaid","All payments on time, loan fully repaid",approved
145,34,1577039,640,396500816,mortgage,Rental property,240,23.5,7839423,1881461520,1484960704,0,0,Civil Servant,518.4,12075785,None,Mobile Money,Northern,Kwania,N/A,2024-06-21,"Application rejected, no payments made","Application rejected, no payments made",rejected
146,40,4212363,682,16552272,agricultural,Irrigation equipment,21,23.0,964872,20262312,3710040,0,0,Self-Employed,41.8,28722717,Savings Account,SACCO Deduction,Eastern,Kazo,Planting Season (Mar-May),2024-07-24,"Application rejected, no payments made","Application rejected, no payments made",rejected
147,53,654655,521,4021790,business,Stock purchase,36,31.5,174052,6265872,2244082,19,19,Teacher,38.6,2826769,Mobile Money History,Bank Transfer,Western,Fort Portal,N/A,2023-03-16,"Defaulted after 19 payments, 19 missed payments total","Paid months 1-19, then missed payments at months 1, 2, 3...35, 36",defaulted
148,32,9929009,514,496513285,mortgage,Land purchase,96,29.3,13450541,1291251936,794738651,0,0,Market Vendor,171.7,129685494,Livestock,Bank Transfer,Western,Mbarara,N/A,2024-05-05,"Application rejected, no payments made","Application rejected, no payments made",rejected
149,35,3357790,661,28298797,business,Working capital,54,22.1,831569,44904726,16605929,0,0,Student,43.8,23007279,Business Inventory,Cash at Branch,Western,Isingiro,N/A,2024-04-22,"Application rejected, no payments made","Application rejected, no payments made",rejected
150,26,11060044,643,23498837,agricultural,Livestock purchase,12,25.3,2236851,26842212,3343375,3,10,Unemployed,23.3,12134756,Land Title,Cash at Branch,Eastern,Hoima,Dry Season (Dec-Feb),2023-09-09,"Defaulted after 3 payments, 10 missed payments total","Paid months 1-3, then missed payments at months 1, 2, 3...11, 12",defaulted
151,51,3915847,640,17420778,education,Boarding fees,48,22.7,555502,26664096,9243318,48,0,Teacher,35.4,29884823,Mobile Money History,SACCO Deduction,Eastern,Fort Portal,N/A,2023-03-02,"All payments on time, loan fully repaid","All payments on time, loan fully repaid",approved
152,53,138970,647,501909,personal,Family emergency,3,22.5,173616,520848,18939,0,0,Construction Worker,148.1,1156961,Land Title,Bank Transfer,Central,Mpigi,N/A,2023-03-03,"Application rejected, no payments made","Application rejected, no payments made",rejected
153,59,4526705,565,2485225,education,School fees,6,28.1,448806,2692836,207611,0,0,Boda Boda Rider,29.1,31281735,Business Inventory,Salary Deduction,Central,Luwero,N/A,2024-05-29,"Application rejected, no payments made","Application rejected, no payments made",rejected
154,64,3251899,638,4124034,personal,Funeral costs,27,23.0,197085,5321295,1197261,12,16,Private Sector,24.7,21767018,Salary Assignment,Cash at Branch,Western,Kitagwenda,N/A,2023-09-07,"Defaulted after 12 payments, 16 missed payments total","Paid months 1-12, then missed payments at months 1, 2, 3...26, 27",defaulted
155,64,2434539,643,12120688,personal,Wedding costs,33,25.0,511573,16881909,4761221,5,28,Construction Worker,24.4,3004724,Mobile Money History,SACCO Deduction,Northern,Apac,N/A,2024-03-20,"Defaulted after 5 payments, 28 missed payments total","Paid months 1-5, then missed payments at months 1, 2, 3...32, 33",defaulted
156,61,9746749,562,5230324,personal,Family emergency,27,26.9,260316,7028532,1798208,1,25,Construction Worker,35.7,115955153,Land Title,Mobile Money,Northern,Amuru,N/A,2023-01-17,"Defaulted after 1 payments, 25 missed payments total","Paid months 1-1, then missed payments at months 1, 2, 3...25, 26",defaulted
157,33,4170574,769,4810749,personal,Debt consolidation,15,12.3,347641,5214615,403866,15,0,SACCO Member,25.3,25525230,Mobile Money History,Cash at Branch,Northern,Yumbe,N/A,2023-05-24,"All payments on time, loan fully repaid","All payments on time, loan fully repaid",approved
158,70,14631596,657,21187178,agricultural,Harvest labor,3,21.7,7319342,21958026,770848,0,0,NGO Worker,73.8,125165717,SACCO Shares,Salary Deduction,Western,Kamwenge,Dry Season (Dec-Feb),2023-01-31,"Application rejected, no payments made","Application rejected, no payments made",rejected
159,60,1944872,524,13168177,business,Restaurant equipment,36,36.6,607661,21875796,8707619,0,0,Unemployed,60.0,20157335,SACCO Shares,Cash at Branch,Northern,Arua,N/A,2023-03-17,"Application rejected, no payments made","Application rejected, no payments made",rejected
160,25,1796917,672,14219792,business,Transport business,42,20.4,476449,20010858,5791066,27,16,Market Vendor,30.2,2368146,Salary Assignment,Cash at Branch,Western,Rukiga,N/A,2024-07-22,"Defaulted after 27 payments, 16 missed payments total","Paid months 1-27, then missed payments at months 12, 13, 14...41, 42",defaulted
161,52,1055075,542,3776593,agricultural,Land preparation,6,37.2,699462,4196772,420179,0,0,Private Sector,66.7,140618,Vehicle Logbook,Salary Deduction,Northern,Apac,Growing Season (Jun-Aug),2024-12-02,"Application rejected, no payments made","Application rejected, no payments made",rejected
162,44,681981,682,1906171,agricultural,Storage facility,24,20.3,97296,2335104,428933,24,0,Teacher,25.9,2845833,None,Mobile Money,Northern,Omoro,Harvest Season (Sep-Nov),2024-05-22,"All payments on time, loan fully repaid","All payments on time, loan fully repaid",approved
163,58,4420410,712,9294970,business,Restaurant equipment,30,18.8,390703,11721090,2426120,30,0,Private Sector,18.8,15860192,Salary Assignment,SACCO Deduction,Northern,Nebbi,N/A,2024-08-31,"All payments on time, loan fully repaid","All payments on time, loan fully repaid",approved
164,28,2265025,554,15072291,business,Equipment purchase,48,27.7,522718,25090464,10018173,0,0,Market Vendor,39.0,12989125,None,Salary Deduction,Western,Isingiro,N/A,2024-01-21,"Application rejected, no payments made","Application rejected, no payments made",rejected
165,37,8296178,697,7500177,personal,Medical expenses,30,20.4,321227,9636810,2136633,0,0,Trader,23.9,59751595,Livestock,SACCO Deduction,Central,Kiboga,N/A,2024-02-23,"Application rejected, no payments made","Application rejected, no payments made",rejected
166,63,3770172,653,32165808,agricultural,Harvest labor,9,23.2,3928280,35354520,3188712,0,0,Farmer,107.4,4350236,Group Guarantee,Salary Deduction,Northern,Otuke,Dry Season (Dec-Feb),2024-12-19,"Application rejected, no payments made","Application rejected, no payments made",rejected
167,54,2856440,685,16875667,business,Stock purchase,36,21.6,641002,23076072,6200405,36,0,Private Sector,23.8,1366533,Salary Assignment,SACCO Deduction,Northern,Zombo,N/A,2023-09-22,"All payments on time, loan fully repaid","All payments on time, loan fully repaid",approved
168,34,4675995,771,388213327,mortgage,Rental property,192,8.9,3798569,729325248,341111921,0,0,NGO Worker,91.8,17843688,SACCO Shares,Salary Deduction,Northern,Zombo,N/A,2023-04-18,"Application rejected, no payments made","Application rejected, no payments made",rejected
169,38,1180050,600,7592751,business,Restaurant equipment,36,24.4,299482,10781352,3188601,0,0,Private Sector,48.9,9995160,None,Mobile Money,Northern,Amolatar,N/A,2024-04-08,"Application rejected, no payments made","Application rejected, no payments made",rejected
170,40,446853,559,942912,personal,Family emergency,3,28.6,329403,988209,45297,0,0,Security Guard,96.3,3630980,Mobile Money History,Bank Transfer,Eastern,Kisoro,N/A,2024-07-27,"Application rejected, no payments made","Application rejected, no payments made",rejected
171,47,19779781,548,11453416,education,Vocational training,18,33.8,819909,14758362,3304946,3,14,Security Guard,18.5,102570297,Livestock,SACCO Deduction,Central,Butambala,N/A,2024-12-21,"Defaulted after 3 payments, 14 missed payments total","Paid months 1-3, then missed payments at months 1, 2, 3...16, 17",defaulted
172,70,506694,554,74430609,mortgage,Home renovation,90,25.3,1852557,166730130,92299521,0,0,Security Guard,380.9,2782056,None,Salary Deduction,Western,Kyegegwa,N/A,2024-09-03,"Application rejected, no payments made","Application rejected, no payments made",rejected
173,44,4962076,613,35688579,agricultural,Land preparation,18,26.5,2424329,43637922,7949343,0,0,Private Sector,73.3,43608575,SACCO Shares,Mobile Money,Western,Kamwenge,Growing Season (Jun-Aug),2023-11-09,"Application rejected, no payments made","Application rejected, no payments made",rejected
174,27,548225,647,2775703,education,University tuition,42,22.6,96226,4041492,1265789,42,0,NGO Worker,28.4,2145665,Mobile Money History,Bank Transfer,Eastern,Budaka,N/A,2023-07-11,"All payments on time, loan fully repaid","All payments on time, loan fully repaid",approved
175,40,10195987,642,26456764,agricultural,Seed and fertilizer,3,24.5,9181453,27544359,1087595,0,0,Civil Servant,109.1,69820221,None,SACCO Deduction,Northern,Dokolo,Dry Season (Dec-Feb),2024-08-01,"Application rejected, no payments made","Application rejected, no payments made",rejected
176,21,6849935,686,7197213,personal,Family emergency,15,20.2,546943,8204145,1006932,0,0,Teacher,12.5,11061317,None,Salary Deduction,Northern,Otuke,N/A,2024-07-10,"Application rejected, no payments made","Application rejected, no payments made",rejected
177,43,2674527,621,15603087,education,School fees,24,22.4,812545,19501080,3897993,24,0,Security Guard,58.0,26640558,Land Title,SACCO Deduction,Eastern,Kazo,N/A,2024-03-25,"All payments on time, loan fully repaid","All payments on time, loan fully repaid",approved
178,27,6987647,736,443504099,mortgage,House construction,192,15.4,6230161,1196190912,752686813,0,0,Farmer,115.6,66522987,SACCO Shares,Bank Transfer,Northern,Agago,N/A,2023-03-02,"Application rejected, no payments made","Application rejected, no payments made",rejected
179,56,1589478,598,166354004,mortgage,Rental property,90,27.9,4427193,398447370,232093366,0,0,Healthcare Worker,285.8,4186227,Vehicle Logbook,Bank Transfer,Western,Buhweju,N/A,2023-03-02,"Application rejected, no payments made","Application rejected, no payments made",rejected
180,37,6064415,837,31757292,business,Working capital,24,13.8,1521760,36522240,4764948,0,0,Market Vendor,58.2,72349307,Savings Account,Salary Deduction,Northern,Lira,N/A,2024-04-07,"Application rejected, no payments made","Application rejected, no payments made",rejected
181,24,2890467,670,293894629,mortgage,Land purchase,198,18.8,4826632,955673136,661778507,0,0,Student,210.9,45645423,Salary Assignment,Salary Deduction,Northern,Lira,N/A,2024-04-14,"Application rejected, no payments made","Application rejected, no payments made",rejected
182,60,4002495,551,8673812,personal,Wedding costs,27,26.9,431700,11655900,2982088,4,25,Construction Worker,26.5,22699305,Business Inventory,Cash at Branch,Eastern,Budaka,N/A,2023-12-18,"Defaulted after 4 payments, 25 missed payments total","Paid months 1-4, then missed payments at months 1, 2, 3...26, 27",defaulted
183,63,5385397,534,4777051,education,University tuition,6,35.6,880858,5285148,508097,0,0,Private Sector,21.1,9188682,Group Guarantee,Bank Transfer,Northern,Gulu,N/A,2024-10-27,"Application rejected, no payments made","Application rejected, no payments made",rejected
184,39,687330,658,1378723,agricultural,Land preparation,15,21.5,105635,1584525,205802,1,12,Private Sector,42.5,6709057,Group Guarantee,Cash at Branch,Eastern,Lira,Growing Season (Jun-Aug),2024-05-03,"Defaulted after 1 payments, 12 missed payments total","Paid months 1-1, then missed payments at months 1, 2, 3...12, 13",defaulted
185,24,637178,602,352405,education,Boarding fees,6,24.8,63055,378330,25925,6,0,NGO Worker,33.0,5310567,Savings Account,SACCO Deduction,Northern,Koboko,N/A,2023-04-15,"All payments on time, loan fully repaid","All payments on time, loan fully repaid",approved
186,26,1627583,677,11577652,education,Books and supplies,18,22.0,760983,13697694,2120042,2,17,Self-Employed,52.5,3348075,Savings Account,SACCO Deduction,Central,Butambala,N/A,2024-12-04,"Defaulted after 2 payments, 17 missed payments total","Paid months 1-2, then missed payments at months 1, 2, 3...17, 18",defaulted
187,48,5727191,657,4929830,personal,Medical expenses,9,20.4,595364,5358276,428446,4,7,SACCO Member,21.9,23753780,Savings Account,Bank Transfer,Northern,Alebtong,N/A,2024-11-05,"Defaulted after 4 payments, 7 missed payments total","Paid months 1-4, then missed payments at months 1, 2, 3...8, 9",defaulted
188,39,2272817,614,14462379,business,Stock purchase,42,25.6,524769,22040298,7577919,0,0,NGO Worker,45.3,18170663,Group Guarantee,Mobile Money,Eastern,Budaka,N/A,2024-06-24,"Application rejected, no payments made","Application rejected, no payments made",rejected
189,20,22619060,552,17440133,education,School fees,42,28.2,657826,27628692,10188559,6,34,Self-Employed,9.8,56273789,Vehicle Logbook,Mobile Money,Northern,Zombo,N/A,2024-02-12,"Defaulted after 6 payments, 34 missed payments total","Paid months 1-6, then missed payments at months 1, 2, 3...39, 40",defaulted
190,52,2494491,498,4621792,education,University tuition,42,30.5,180304,7572768,2950976,0,0,NGO Worker,22.4,13652252,Vehicle Logbook,Cash at Branch,Eastern,Isingiro,N/A,2024-07-03,"Application rejected, no payments made","Application rejected, no payments made",rejected
191,40,2330211,584,8504902,personal,Medical expenses,15,28.9,682287,10234305,1729403,0,0,Security Guard,57.5,23669391,Vehicle Logbook,SACCO Deduction,Central,Luweero,N/A,2023-11-13,"Application rejected, no payments made","Application rejected, no payments made",rejected
192,62,11213091,688,7908576,personal,Medical expenses,3,20.8,2728103,8184309,275733,1,5,Self-Employed,30.9,26453810,Mobile Money History,Cash at Branch,Western,Buhweju,N/A,2023-01-31,"Defaulted after 1 payments, 5 missed payments total","Paid months 1-1, missed at months 1, 2, 3",defaulted
193,41,7281538,637,4933789,personal,Medical expenses,15,24.0,383974,5759610,825821,15,0,NGO Worker,19.7,37936632,SACCO Shares,Bank Transfer,Central,Kyankwanzi,N/A,2024-08-10,"All payments on time, loan fully repaid","All payments on time, loan fully repaid",approved
194,63,6915995,520,345805522,mortgage,House construction,60,33.2,11877082,712624920,366819398,0,0,Market Vendor,172.2,1223773,Salary Assignment,SACCO Deduction,Central,Kyankwanzi,N/A,2023-02-06,"Application rejected, no payments made","Application rejected, no payments made",rejected
195,55,10989640,633,16292703,education,School fees,24,23.0,853303,20479272,4186569,0,0,Market Vendor,44.4,144934763,Vehicle Logbook,Salary Deduction,Western,Ntungamo,N/A,2023-07-03,"Application rejected, no payments made","Application rejected, no payments made",rejected
196,34,5385276,650,7428961,personal,Debt consolidation,24,21.1,382107,9170568,1741607,12,12,Student,22.6,30117478,None,Mobile Money,Central,Nakaseke,N/A,2024-09-29,"Defaulted after 12 payments, 12 missed payments total","Paid months 1-12, then missed payments at months 1, 2, 3...23, 24",defaulted
197,35,4981731,549,35481010,business,Restaurant equipment,54,35.8,1330545,71849430,36368420,0,0,Unemployed,36.7,18001948,Livestock,Salary Deduction,Northern,Gulu,N/A,2023-01-10,"Application rejected, no payments made","Application rejected, no payments made",rejected
198,41,297276,632,1157923,agricultural,Harvest labor,6,26.1,207942,1247652,89729,3,6,Construction Worker,78.7,934579,Savings Account,Cash at Branch,Northern,Lira,Planting Season (Mar-May),2024-04-14,"Defaulted after 3 payments, 6 missed payments total","Paid months 1-3, then missed payments at months 1, 2, 3...5, 6",defaulted
199,67,500219,624,1628161,business,Working capital,42,25.4,58900,2473800,845639,0,0,NGO Worker,13.5,317781,Business Inventory,Cash at Branch,Eastern,Kisoro,N/A,2024-12-18,"Application rejected, no payments made","Application rejected, no payments made",rejected
200,67,1949502,528,7299957,business,Equipment purchase,12,31.8,718131,8617572,1317615,0,0,Teacher,57.4,14413462,Vehicle Logbook,Bank Transfer,Central,Mpigi,N/A,2024-02-21,"Application rejected, no payments made","Application rejected, no payments made",rejected
201,27,3370889,648,12263079,agricultural,Harvest labor,24,27.4,669358,16064592,3801513,0,0,Unemployed,25.9,7315170,SACCO Shares,Mobile Money,Western,Kitagwenda,Growing Season (Jun-Aug),2023-06-01,"Application rejected, no payments made","Application rejected, no payments made",rejected
202,25,7984186,664,490099314,mortgage,Commercial building,66,17.2,11533152,761188032,271088718,0,0,Student,185.5,117859464,Group Guarantee,SACCO Deduction,Eastern,Mbale,N/A,2023-09-13,"Application rejected, no payments made","Application rejected, no payments made",rejected
203,26,3086334,706,14645501,personal,Medical expenses,3,17.9,5028194,15084582,439081,0,0,Private Sector,166.8,4357053,Vehicle Logbook,Salary Deduction,Northern,Amolatar,N/A,2023-01-23,"Application rejected, no payments made","Application rejected, no payments made",rejected
204,24,864971,704,7292426,business,Working capital,12,15.5,659924,7919088,626662,0,0,Security Guard,107.7,9780545,SACCO Shares,SACCO Deduction,Central,Mityana,N/A,2024-05-23,"Application rejected, no payments made","Application rejected, no payments made",rejected
205,21,1894779,509,3464716,agricultural,Irrigation equipment,12,33.6,343930,4127160,662444,0,0,Self-Employed,36.0,12169340,SACCO Shares,Salary Deduction,Eastern,Soroti,Growing Season (Jun-Aug),2024-02-26,"Application rejected, no payments made","Application rejected, no payments made",rejected
206,55,2867930,544,8467558,education,Boarding fees,18,31.2,595034,10710612,2243054,0,0,Teacher,44.3,24356366,Mobile Money History,Mobile Money,Eastern,Bududa,N/A,2024-01-03,"Application rejected, no payments made","Application rejected, no payments made",rejected
207,50,4532893,661,399304708,mortgage,Home renovation,156,17.6,6530184,1018708704,619403996,0,0,Trader,150.7,10759136,Livestock,Mobile Money,Western,Kamwenge,N/A,2023-03-01,"Application rejected, no payments made","Application rejected, no payments made",rejected
208,50,4949427,661,26532259,business,Shop expansion,12,21.6,2478165,29737980,3205721,0,0,Farmer,61.6,20578832,SACCO Shares,SACCO Deduction,Central,Luweero,N/A,2023-06-30,"Application rejected, no payments made","Application rejected, no payments made",rejected
209,35,4004845,661,389050165,mortgage,Commercial building,60,19.8,10264203,615852180,226802015,3,56,SACCO Member,273.2,24377291,Mobile Money History,Cash at Branch,Eastern,Budaka,N/A,2023-08-13,"Defaulted after 3 payments, 56 missed payments total","Paid months 1-3, then missed payments at months 1, 2, 3...58, 59",defaulted
210,21,2502866,850,195199343,mortgage,Land purchase,96,9.4,2900378,278436288,83236945,0,0,Trader,122.4,5862889,Land Title,Bank Transfer,Western,Kabale,N/A,2024-06-22,"Application rejected, no payments made","Application rejected, no payments made",rejected
211,43,24535626,665,23560928,education,Boarding fees,12,19.2,2173544,26082528,2521600,12,0,Market Vendor,14.3,48210150,None,Cash at Branch,Eastern,Tororo,N/A,2024-09-20,"All payments on time, loan fully repaid","All payments on time, loan fully repaid",approved
212,70,2395721,710,15086721,business,Transport business,42,17.9,485990,20411580,5324859,42,0,Healthcare Worker,27.6,6350230,SACCO Shares,SACCO Deduction,Eastern,Jinja,N/A,2023-02-03,"All payments on time, loan fully repaid","All payments on time, loan fully repaid",approved
213,31,3426501,696,437712376,mortgage,Land purchase,78,16.6,9208575,718268850,280556474,0,0,Boda Boda Rider,303.5,42905850,Salary Assignment,Bank Transfer,Eastern,Rukiga,N/A,2024-12-26,"Application rejected, no payments made","Application rejected, no payments made",rejected
214,62,3908235,672,5472035,personal,Wedding costs,15,19.0,412703,6190545,718510,0,0,Unemployed,15.1,6358990,Vehicle Logbook,Mobile Money,Western,Kasese,N/A,2023-06-20,"Application rejected, no payments made","Application rejected, no payments made",rejected
215,46,4088435,594,231648770,mortgage,Land purchase,132,27.3,5555195,733285740,501636970,0,0,Trader,164.8,42565661,None,Mobile Money,Eastern,Masindi,N/A,2023-10-29,"Application rejected, no payments made","Application rejected, no payments made",rejected
216,21,1219624,680,7518762,agricultural,Irrigation equipment,9,20.6,908751,8178759,659997,0,0,Private Sector,76.8,987927,SACCO Shares,Salary Deduction,Central,Buikwe,Dry Season (Dec-Feb),2024-10-31,"Application rejected, no payments made","Application rejected, no payments made",rejected
217,30,4321168,558,4938006,personal,Medical expenses,6,26.8,888516,5331096,393090,3,2,Self-Employed,28.2,11821736,Business Inventory,Cash at Branch,Western,Kyegegwa,N/A,2024-01-05,"Defaulted after 3 payments, 2 missed payments total","Paid months 1-3, missed at months 2, 3, 4, 5",defaulted
218,20,1617714,601,188085295,mortgage,Rental property,150,20.4,3474633,521194950,333109655,0,0,Construction Worker,222.4,4419237,None,Mobile Money,Western,Fort Portal,N/A,2024-04-27,"Application rejected, no payments made","Application rejected, no payments made",rejected
219,51,7223018,581,361175132,mortgage,Home renovation,132,25.5,8184989,1080418548,719243416,0,0,Private Sector,124.8,29756002,Land Title,Cash at Branch,Eastern,Pallisa,N/A,2023-08-20,"Application rejected, no payments made","Application rejected, no payments made",rejected
220,37,3133887,626,7334805,personal,Funeral costs,6,25.2,1313875,7883250,548445,0,0,Security Guard,55.7,15568648,Land Title,SACCO Deduction,Eastern,Bukwo,N/A,2024-12-04,"Application rejected, no payments made","Application rejected, no payments made",rejected
221,50,3488354,805,16735790,agricultural,Land preparation,6,15.6,2917577,17505462,769672,0,0,Unemployed,131.3,59802027,None,Bank Transfer,Eastern,Kabale,Growing Season (Jun-Aug),2023-05-10,"Application rejected, no payments made","Application rejected, no payments made",rejected
222,22,2432617,470,9856855,business,Equipment purchase,18,32.5,699124,12584232,2727377,0,0,Student,74.3,39881492,Group Guarantee,Salary Deduction,Central,Mukono,N/A,2023-10-10,"Application rejected, no payments made","Application rejected, no payments made",rejected
223,53,2551857,674,408141193,mortgage,Land purchase,168,19.1,6988546,1174075728,765934535,0,0,Security Guard,277.6,3445583,SACCO Shares,Salary Deduction,Eastern,Hoima,N/A,2023-04-19,"Application rejected, no payments made","Application rejected, no payments made",rejected
224,56,11591312,490,579610671,mortgage,Home renovation,228,33.3,16115594,3674355432,3094744761,0,0,Teacher,146.1,29392224,SACCO Shares,SACCO Deduction,Northern,Otuke,N/A,2024-02-17,"Application rejected, no payments made","Application rejected, no payments made",rejected
225,29,4184935,582,10064305,education,Vocational training,36,26.2,406570,14636520,4572215,36,0,Civil Servant,20.8,16705560,Land Title,Cash at Branch,Western,Kazo,N/A,2024-05-18,"All payments on time, loan fully repaid","All payments on time, loan fully repaid",approved
226,64,3456122,707,29428289,agricultural,Storage facility,24,19.3,1487732,35705568,6277279,0,0,Self-Employed,53.8,13408535,Vehicle Logbook,Bank Transfer,Northern,Adjumani,Dry Season (Dec-Feb),2024-05-11,"Application rejected, no payments made","Application rejected, no payments made",rejected
227,68,4068293,625,4701261,personal,Home repairs,27,22.3,223021,6021567,1320306,27,0,Construction Worker,31.5,38104918,Mobile Money History,Salary Deduction,Northern,Pader,N/A,2023-03-01,"All payments on time, loan fully repaid","All payments on time, loan fully repaid",approved
228,35,126507,533,270150,agricultural,Land preparation,12,34.2,26897,322764,52614,0,0,SACCO Member,35.2,634250,Vehicle Logbook,Mobile Money,Northern,Moyo,Growing Season (Jun-Aug),2024-04-30,"Application rejected, no payments made","Application rejected, no payments made",rejected
229,57,3943884,562,13509225,agricultural,Livestock purchase,6,28.1,2439628,14637768,1128543,0,0,Self-Employed,63.8,2819778,Livestock,Bank Transfer,Eastern,Kanungu,Harvest Season (Sep-Nov),2023-01-21,"Application rejected, no payments made","Application rejected, no payments made",rejected
230,69,12298566,674,25733114,business,Equipment purchase,18,19.9,1665322,29975796,4242682,0,0,Unemployed,54.1,179562177,Business Inventory,SACCO Deduction,Western,Bunyangabu,N/A,2024-04-15,"Application rejected, no payments made","Application rejected, no payments made",rejected
231,36,1633644,561,249080186,mortgage,Land purchase,216,25.6,5369917,1159902072,910821886,0,0,Boda Boda Rider,333.5,2807978,SACCO Shares,Salary Deduction,Western,Mitooma,N/A,2024-05-08,"Application rejected, no payments made","Application rejected, no payments made",rejected
232,24,1579827,637,5961145,agricultural,Livestock purchase,15,26.6,471482,7072230,1111085,0,0,Boda Boda Rider,74.3,25272105,Savings Account,Salary Deduction,Western,Kanungu,Growing Season (Jun-Aug),2024-02-18,"Application rejected, no payments made","Application rejected, no payments made",rejected
233,62,1293453,623,4818991,personal,Home repairs,33,26.0,205916,6795228,1976237,0,0,Market Vendor,26.3,4832001,Group Guarantee,Mobile Money,Northern,Apac,N/A,2023-12-18,"Application rejected, no payments made","Application rejected, no payments made",rejected
234,66,10757253,567,13889956,education,Books and supplies,36,27.2,568552,20467872,6577916,36,0,NGO Worker,10.1,18651613,Vehicle Logbook,SACCO Deduction,Eastern,Kiruhura,N/A,2023-07-07,"All payments on time, loan fully repaid","All payments on time, loan fully repaid",approved
235,63,10489795,791,50954156,business,Working capital,36,14.0,1741492,62693712,11739556,36,0,Private Sector,25.8,34789624,Business Inventory,Salary Deduction,Western,Kazo,N/A,2023-02-24,"All payments on time, loan fully repaid","All payments on time, loan fully repaid",approved
236,60,2798700,670,13638111,business,Working capital,54,22.5,403801,21805254,8167143,26,30,Unemployed,39.9,25636263,Land Title,Bank Transfer,Western,Rubanda,N/A,2023-05-27,"Defaulted after 26 payments, 30 missed payments total","Paid months 1-26, then missed payments at months 1, 2, 3...53, 54",defaulted
237,40,6512942,457,3954045,personal,Funeral costs,24,33.8,228889,5493336,1539291,0,0,Security Guard,9.4,13819754,None,Cash at Branch,Central,Kampala,N/A,2023-06-12,"Application rejected, no payments made","Application rejected, no payments made",rejected
238,51,11541037,634,52187954,business,Stock purchase,60,25.5,1547121,92827260,40639306,60,0,Private Sector,25.5,50280254,Land Title,Mobile Money,Northern,Apac,N/A,2023-11-26,"All payments on time, loan fully repaid","All payments on time, loan fully repaid",approved
239,68,6598673,567,9453246,personal,Home repairs,33,27.0,408921,13494393,4041147,0,0,Civil Servant,22.4,38441281,Savings Account,Mobile Money,Western,Isingiro,N/A,2023-03-08,"Application rejected, no payments made","Application rejected, no payments made",rejected
240,22,1609910,688,361879019,mortgage,House construction,174,17.4,5713994,994234956,632355937,0,0,Unemployed,414.1,34309399,None,Cash at Branch,Eastern,Rubanda,N/A,2024-02-18,"Application rejected, no payments made","Application rejected, no payments made",rejected
241,21,1275158,556,4870752,personal,Funeral costs,30,26.7,224264,6727920,1857168,0,0,Farmer,33.5,7292407,Business Inventory,Salary Deduction,Central,Kalangala,N/A,2023-02-19,"Application rejected, no payments made","Application rejected, no payments made",rejected
242,62,420700,610,1142144,personal,Family emergency,21,23.5,66859,1404039,261895,0,0,Civil Servant,28.7,1934030,Savings Account,Bank Transfer,Northern,Koboko,N/A,2024-03-06,"Application rejected, no payments made","Application rejected, no payments made",rejected
243,62,945583,660,235378947,mortgage,Land purchase,174,16.5,3567932,620820168,385441221,0,0,Teacher,399.5,7540330,SACCO Shares,Mobile Money,Central,Luwero,N/A,2024-05-24,"Application rejected, no payments made","Application rejected, no payments made",rejected
244,32,3603076,689,372311620,mortgage,Rental property,96,18.8,7524803,722381088,350069468,0,0,Construction Worker,219.7,14047081,None,Bank Transfer,Central,Nakaseke,N/A,2023-12-05,"Application rejected, no payments made","Application rejected, no payments made",rejected
245,35,146663,523,424091,personal,Family emergency,30,33.0,20943,628290,204199,0,0,SACCO Member,42.8,1503884,Business Inventory,Bank Transfer,Central,Masaka,N/A,2023-09-28,"Application rejected, no payments made","Application rejected, no payments made",rejected
246,49,583188,593,1802443,personal,Home repairs,15,29.2,144864,2172960,370517,0,0,Construction Worker,36.3,2407244,Land Title,Mobile Money,Central,Masaka,N/A,2023-12-03,"Application rejected, no payments made","Application rejected, no payments made",rejected
247,42,10216095,582,7983013,personal,Home repairs,18,26.7,543075,9775350,1792337,18,0,Teacher,16.0,39306059,Group Guarantee,SACCO Deduction,Northern,Amuru,N/A,2023-04-26,"All payments on time, loan fully repaid","All payments on time, loan fully repaid",approved
248,28,2745980,567,19451533,business,Transport business,12,30.6,1902019,22824228,3372695,0,0,Construction Worker,87.0,17495484,SACCO Shares,SACCO Deduction,Northern,Agago,N/A,2023-01-30,"Application rejected, no payments made","Application rejected, no payments made",rejected
249,63,11100855,761,87716440,business,Restaurant equipment,48,11.5,2288435,109844880,22128440,48,0,SACCO Member,33.0,49308555,Business Inventory,Cash at Branch,Central,Mukono,N/A,2024-06-21,"All payments on time, loan fully repaid","All payments on time, loan fully repaid",approved
250,69,11071452,652,91815283,business,Working capital,36,21.1,3463863,124699068,32883785,0,0,Healthcare Worker,48.8,69807958,Livestock,SACCO Deduction,Central,Kassanda,N/A,2023-06-02,"Application rejected, no payments made","Application rejected, no payments made",rejected
251,55,10141495,519,5728948,personal,Family emergency,33,33.0,266353,8789649,3060701,33,0,Civil Servant,13.6,39978047,Vehicle Logbook,SACCO Deduction,Northern,Agago,N/A,2023-02-21,"All payments on time, loan fully repaid","All payments on time, loan fully repaid",approved
252,52,2349134,693,3819682,education,Exam registration,24,19.8,194033,4656792,837110,0,0,Student,48.3,33880862,None,SACCO Deduction,Northern,Arua,N/A,2024-10-31,"Application rejected, no payments made","Application rejected, no payments made",rejected
253,21,832368,789,41663957,mortgage,Home renovation,162,11.3,502396,81388152,39724195,0,0,Civil Servant,78.8,5536062,Mobile Money History,Bank Transfer,Western,Buhweju,N/A,2024-01-08,"Application rejected, no payments made","Application rejected, no payments made",rejected
254,23,8812286,702,482205553,mortgage,Land purchase,204,14.4,6342970,1293965880,811760327,0,0,Trader,98.3,83363225,None,Mobile Money,Western,Bunyangabu,N/A,2023-12-16,"Application rejected, no payments made","Application rejected, no payments made",rejected
255,42,11710154,498,585556706,mortgage,Commercial building,156,32.2,15969055,2491172580,1905615874,0,0,Teacher,137.6,5146259,Savings Account,SACCO Deduction,Eastern,Budaka,N/A,2023-07-20,"Application rejected, no payments made","Application rejected, no payments made",rejected
256,32,811981,581,3412416,education,Books and supplies,24,27.4,186261,4470264,1057848,0,0,Farmer,55.7,9590737,Vehicle Logbook,SACCO Deduction,Central,Gomba,N/A,2024-05-31,"Application rejected, no payments made","Application rejected, no payments made",rejected
257,28,12145546,721,13334126,personal,Debt consolidation,27,17.4,600348,16209396,2875270,27,0,NGO Worker,18.6,59827818,Savings Account,Bank Transfer,Eastern,Kibuku,N/A,2024-09-06,"All payments on time, loan fully repaid","All payments on time, loan fully repaid",approved
258,58,9228782,563,14831609,education,Boarding fees,42,29.7,571900,24019800,9188191,26,18,SACCO Member,29.1,75986526,Salary Assignment,Cash at Branch,Western,Rwampara,N/A,2024-06-08,"Defaulted after 26 payments, 18 missed payments total","Paid months 1-26, then missed payments at months 9, 10, 11...41, 42",defaulted
259,39,9595329,655,23076767,agricultural,Harvest labor,12,20.8,2146550,25758600,2681833,0,0,Construction Worker,48.6,90482761,Savings Account,Bank Transfer,Western,Kyegegwa,Harvest Season (Sep-Nov),2024-07-29,"Application rejected, no payments made","Application rejected, no payments made",rejected
260,50,4251029,681,439318405,mortgage,House construction,114,19.2,8405252,958198728,518880323,0,0,Boda Boda Rider,222.1,37331957,Savings Account,Mobile Money,Central,Kalangala,N/A,2023-10-01,"Application rejected, no payments made","Application rejected, no payments made",rejected
261,68,7404305,545,9485781,agricultural,Livestock purchase,9,36.1,1218769,10968921,1483140,0,0,Boda Boda Rider,30.2,36713220,None,Mobile Money,Central,Buvuma,Growing Season (Jun-Aug),2024-02-03,"Application rejected, no payments made","Application rejected, no payments made",rejected
262,35,3706443,615,8355309,personal,Wedding costs,21,23.7,489929,10288509,1933200,12,13,Market Vendor,44.7,42063702,Land Title,Mobile Money,Western,Mitooma,N/A,2023-08-19,"Defaulted after 12 payments, 13 missed payments total","Paid months 1-12, then missed payments at months 1, 2, 3...20, 21",defaulted
263,60,10432734,360,521733490,mortgage,Land purchase,162,31.6,13945862,2259229644,1737496154,0,0,Trader,162.1,106884789,None,Bank Transfer,Eastern,Kiruhura,N/A,2023-07-11,"Application rejected, no payments made","Application rejected, no payments made",rejected
264,31,6001212,538,5341969,personal,Funeral costs,21,33.3,339075,7120575,1778606,2,19,Student,12.2,14050022,Salary Assignment,SACCO Deduction,Western,Mbarara,N/A,2023-02-22,"Defaulted after 2 payments, 19 missed payments total","Paid months 1-2, then missed payments at months 1, 2, 3...20, 21",defaulted
265,69,22105078,599,1105300834,mortgage,House construction,162,24.3,23287345,3772549890,2667249056,0,0,Unemployed,152.5,375440546,Mobile Money History,Mobile Money,Eastern,Kasese,N/A,2024-03-01,"Application rejected, no payments made","Application rejected, no payments made",rejected
266,54,2885647,520,16900199,business,Restaurant equipment,24,33.0,971231,23309544,6409345,0,0,Trader,46.9,13742984,Mobile Money History,SACCO Deduction,Eastern,Manafwa,N/A,2023-01-10,"Application rejected, no payments made","Application rejected, no payments made",rejected
267,27,4369263,750,349366861,mortgage,Land purchase,234,11.8,3822639,894497526,545130665,0,0,Farmer,117.1,46523043,Vehicle Logbook,SACCO Deduction,Western,Rwampara,N/A,2024-06-13,"Application rejected, no payments made","Application rejected, no payments made",rejected
268,69,2066895,505,3520115,education,Boarding fees,6,35.4,648728,3892368,372253,0,0,Unemployed,44.2,9549669,Savings Account,Salary Deduction,Central,Masaka,N/A,2023-03-09,"Application rejected, no payments made","Application rejected, no payments made",rejected
269,33,3394121,584,8595165,education,School fees,12,28.2,830326,9963912,1368747,0,0,Construction Worker,50.2,31484565,Vehicle Logbook,Bank Transfer,Northern,Moyo,N/A,2023-03-31,"Application rejected, no payments made","Application rejected, no payments made",rejected
270,24,664144,630,1286886,personal,Medical expenses,30,25.6,58518,1755540,468654,30,0,NGO Worker,20.4,2761414,Group Guarantee,SACCO Deduction,Northern,Moyo,N/A,2024-07-01,"All payments on time, loan fully repaid","All payments on time, loan fully repaid",approved
271,20,2765237,735,177233013,mortgage,Rental property,66,13.4,3809673,251438418,74205405,0,0,Security Guard,154.5,16685560,Business Inventory,Salary Deduction,Western,Kasese,N/A,2024-01-26,"Application rejected, no payments made","Application rejected, no payments made",rejected
272,45,5258529,505,17894527,business,Restaurant equipment,54,31.8,626895,33852330,15957803,0,0,Unemployed,38.0,49345097,Savings Account,Cash at Branch,Western,Kyenjojo,N/A,2024-10-25,"Application rejected, no payments made","Application rejected, no payments made",rejected
273,43,12374138,713,618723052,mortgage,Home renovation,84,12.2,10988440,923028960,304305908,0,0,NGO Worker,105.0,72286369,Mobile Money History,Mobile Money,Northern,Kwania,N/A,2023-08-05,"Application rejected, no payments made","Application rejected, no payments made",rejected
274,46,29198414,620,65805242,business,Transport business,18,25.5,4437736,79879248,14074006,0,0,Self-Employed,25.3,106267090,SACCO Shares,Mobile Money,Central,Mityana,N/A,2024-04-17,"Application rejected, no payments made","Application rejected, no payments made",rejected
275,61,3719085,541,2683323,personal,Funeral costs,15,31.2,218320,3274800,591477,0,0,Boda Boda Rider,33.0,36275981,Savings Account,Bank Transfer,Western,Kazo,N/A,2023-03-13,"Application rejected, no payments made","Application rejected, no payments made",rejected
276,32,1945073,656,261361929,mortgage,Rental property,186,18.8,4335269,806360034,544998105,100,85,Trader,228.5,3912735,Salary Assignment,SACCO Deduction,Western,Kasese,N/A,2023-10-11,"Defaulted after 100 payments, 85 missed payments total","Paid months 1-100, then missed payments at months 16, 17, 18...184, 185",defaulted
277,43,747668,635,4109767,education,University tuition,48,23.4,132626,6366048,2256281,0,0,SACCO Member,26.9,2466628,SACCO Shares,Mobile Money,Central,Mityana,N/A,2024-07-05,"Application rejected, no payments made","Application rejected, no payments made",rejected
278,32,2314115,571,9666097,personal,Funeral costs,3,28.5,3376276,10128828,462731,0,0,Private Sector,170.3,20309918,SACCO Shares,Bank Transfer,Northern,Zombo,N/A,2023-09-24,"Application rejected, no payments made","Application rejected, no payments made",rejected
279,54,9527139,625,45394396,business,Working capital,36,23.9,1778569,64028484,18634088,0,0,Unemployed,70.1,176551950,None,Salary Deduction,Western,Bushenyi,N/A,2024-01-08,"Application rejected, no payments made","Application rejected, no payments made",rejected
280,52,225242,589,22391672,mortgage,House construction,186,27.0,511976,95227536,72835864,0,0,Construction Worker,232.4,417349,SACCO Shares,Salary Deduction,Eastern,Kasese,N/A,2024-05-10,"Application rejected, no payments made","Application rejected, no payments made",rejected
281,42,355664,629,952593,personal,Medical expenses,15,22.9,73629,1104435,151842,0,0,Farmer,49.7,3709552,None,SACCO Deduction,Western,Rwampara,N/A,2024-10-26,"Application rejected, no payments made","Application rejected, no payments made",rejected
282,40,946699,672,3863414,agricultural,Harvest labor,15,21.5,296006,4440090,576676,0,0,Boda Boda Rider,48.9,6020164,Business Inventory,SACCO Deduction,Central,Luwero,Growing Season (Jun-Aug),2023-12-20,"Application rejected, no payments made","Application rejected, no payments made",rejected
283,51,10068489,746,503442664,mortgage,Land purchase,228,13.8,6250588,1425134064,921691400,228,0,Civil Servant,67.4,19451539,Savings Account,Bank Transfer,Western,Kanungu,N/A,2024-11-07,"All payments on time, loan fully repaid","All payments on time, loan fully repaid",approved
284,34,1692531,520,4862853,personal,Funeral costs,24,32.9,279208,6700992,1838139,0,0,Market Vendor,40.1,14399019,Livestock,Mobile Money,Northern,Gulu,N/A,2023-06-14,"Application rejected, no payments made","Application rejected, no payments made",rejected
285,28,2664378,790,163236431,mortgage,Home renovation,84,8.7,2601539,218529276,55292845,0,0,SACCO Member,125.3,26543669,SACCO Shares,Mobile Money,Northern,Adjumani,N/A,2023-03-29,"Application rejected, no payments made","Application rejected, no payments made",rejected
286,33,1988625,463,1914390,education,Exam registration,18,35.0,138214,2487852,573462,0,0,Construction Worker,29.0,15771926,Mobile Money History,Cash at Branch,Eastern,Manafwa,N/A,2024-09-02,"Application rejected, no payments made","Application rejected, no payments made",rejected
287,57,796583,607,1871040,business,Working capital,12,23.8,176744,2120928,249888,0,0,Student,65.2,12325250,Savings Account,Salary Deduction,Northern,Pakwach,N/A,2024-09-21,"Application rejected, no payments made","Application rejected, no payments made",rejected
288,58,378622,667,1200643,personal,Medical expenses,6,20.6,212301,1273806,73163,0,0,NGO Worker,81.6,3483414,Mobile Money History,SACCO Deduction,Central,Kassanda,N/A,2024-12-15,"Application rejected, no payments made","Application rejected, no payments made",rejected
289,53,2011086,642,10888129,education,Books and supplies,36,25.2,434063,15626268,4738139,2,34,Security Guard,51.8,21909387,Savings Account,Cash at Branch,Central,Kassanda,N/A,2024-07-10,"Defaulted after 2 payments, 34 missed payments total","Paid months 1-2, then missed payments at months 1, 2, 3...35, 36",defaulted
290,46,1011470,570,2697429,personal,Funeral costs,30,26.5,123917,3717510,1020081,30,0,Market Vendor,12.5,104782,Group Guarantee,Cash at Branch,Eastern,Rwampara,N/A,2023-09-17,"All payments on time, loan fully repaid","All payments on time, loan fully repaid",approved
291,36,8553091,603,35225787,agricultural,Harvest labor,15,27.0,2793001,41895015,6669228,15,0,Healthcare Worker,43.0,31809402,Salary Assignment,Salary Deduction,Northern,Agago,Dry Season (Dec-Feb),2024-12-23,"All payments on time, loan fully repaid","All payments on time, loan fully repaid",approved
292,45,10530465,580,67990926,business,Stock purchase,48,30.8,2479817,119031216,51040290,48,0,Private Sector,26.6,11404589,Salary Assignment,Salary Deduction,Northern,Nebbi,N/A,2023-06-14,"All payments on time, loan fully repaid","All payments on time, loan fully repaid",approved
293,44,12177524,572,10045405,personal,Funeral costs,9,29.7,1258779,11329011,1283606,6,4,Security Guard,24.8,63621829,Livestock,Cash at Branch,Central,Nakasongola,N/A,2024-11-02,"Defaulted after 6 payments, 4 missed payments total","Paid months 1-6, then missed payments at months 3, 4, 5...8, 9",defaulted
294,53,2252990,687,19235437,business,Transport business,48,19.0,575142,27606816,8371379,48,0,Civil Servant,45.4,16097091,Land Title,Salary Deduction,Western,Kanungu,N/A,2023-06-23,"All payments on time, loan fully repaid","All payments on time, loan fully repaid",approved
295,63,225439,648,203780,personal,Funeral costs,9,26.0,25165,226485,22705,0,0,Boda Boda Rider,47.5,2952913,Group Guarantee,SACCO Deduction,Western,Kyegegwa,N/A,2023-01-16,"Application rejected, no payments made","Application rejected, no payments made",rejected
296,67,5756366,564,17415695,agricultural,Seed and fertilizer,18,31.9,1229979,22139622,4723927,18,0,NGO Worker,29.2,16235139,Group Guarantee,Salary Deduction,Eastern,Kumi,Planting Season (Mar-May),2024-07-26,"All payments on time, loan fully repaid","All payments on time, loan fully repaid",approved
297,24,3925920,691,334644083,mortgage,House construction,240,19.5,5553969,1332952560,998308477,0,0,Private Sector,165.9,34477395,None,SACCO Deduction,Western,Bunyangabu,N/A,2023-12-14,"Application rejected, no payments made","Application rejected, no payments made",rejected
298,69,4432401,644,228961947,mortgage,Rental property,222,21.9,4255336,944684592,715722645,0,0,SACCO Member,103.7,12341814,Livestock,Bank Transfer,Northern,Moyo,N/A,2023-12-28,"Application rejected, no payments made","Application rejected, no payments made",rejected
299,53,3604568,685,16990458,agricultural,Livestock purchase,6,22.7,3022155,18132930,1142472,0,0,Farmer,119.4,46170065,Savings Account,SACCO Deduction,Central,Nakaseke,Harvest Season (Sep-Nov),2023-10-03,"Application rejected, no payments made","Application rejected, no payments made",rejected
300,31,18380962,670,86115733,business,Stock purchase,24,20.0,4382929,105190296,19074563,0,0,Unemployed,41.5,117081745,Livestock,Salary Deduction,Eastern,Bushenyi,N/A,2023-05-03,"Application rejected, no payments made","Application rejected, no payments made",rejected
301,25,4566386,553,10319421,personal,Funeral costs,27,26.2,509899,13767273,3447852,27,0,Healthcare Worker,23.2,19820986,SACCO Shares,Cash at Branch,Western,Sheema,N/A,2023-10-14,"All payments on time, loan fully repaid","All payments on time, loan fully repaid",approved
302,45,2209354,575,7809439,personal,Home repairs,27,27.7,391896,10581192,2771753,0,0,Self-Employed,55.3,29894821,Salary Assignment,SACCO Deduction,Central,Luwero,N/A,2024-04-13,"Application rejected, no payments made","Application rejected, no payments made",rejected
303,27,4429675,679,13524409,personal,Family emergency,3,18.8,4650123,13950369,425960,0,0,Trader,126.3,33972544,SACCO Shares,Cash at Branch,Western,Kazo,N/A,2023-08-31,"Application rejected, no payments made","Application rejected, no payments made",rejected
304,37,3939050,668,36328425,business,Transport business,48,19.8,1101620,52877760,16549335,0,0,Trader,53.7,36433875,Group Guarantee,Cash at Branch,Western,Kazo,N/A,2024-12-03,"Application rejected, no payments made","Application rejected, no payments made",rejected
305,34,11046638,618,51098985,business,Transport business,54,26.4,1626372,87824088,36725103,40,16,Teacher,20.0,20792057,Land Title,Bank Transfer,Eastern,Sironko,N/A,2023-11-20,"Defaulted after 40 payments, 16 missed payments total","Paid months 1-40, then missed payments at months 25, 26, 27...53, 54",defaulted
306,70,3552661,629,284578247,mortgage,Home renovation,66,20.4,7206800,475648800,191070553,0,0,NGO Worker,207.5,5919042,None,Mobile Money,Eastern,Ntungamo,N/A,2023-09-24,"Application rejected, no payments made","Application rejected, no payments made",rejected
307,43,2169144,722,2834707,agricultural,Harvest labor,18,17.6,180331,3245958,411251,18,0,SACCO Member,18.8,8224910,SACCO Shares,Salary Deduction,Eastern,Bulambuli,Growing Season (Jun-Aug),2024-11-20,"All payments on time, loan fully repaid","All payments on time, loan fully repaid",approved
308,52,4374560,572,7335064,personal,Medical expenses,21,27.1,442493,9292353,1957289,21,0,SACCO Member,29.1,29845399,Salary Assignment,SACCO Deduction,Eastern,Masindi,N/A,2023-03-23,"All payments on time, loan fully repaid","All payments on time, loan fully repaid",approved
309,30,1657419,663,11814093,agricultural,Storage facility,15,22.6,911432,13671480,1857387,0,14,Trader,64.9,5934347,Salary Assignment,Salary Deduction,Northern,Zombo,Dry Season (Dec-Feb),2023-08-29,"Defaulted after 0 payments, 14 missed payments total","Defaulted immediately, no payments made",defaulted
310,62,2469467,603,4035025,personal,Medical expenses,12,23.6,380770,4569240,534215,12,0,Market Vendor,19.2,3397921,Land Title,Mobile Money,Northern,Kwania,N/A,2023-04-17,"All payments on time, loan fully repaid","All payments on time, loan fully repaid",approved
311,36,2853627,602,9122721,education,Vocational training,30,23.0,402676,12080280,2957559,30,0,Boda Boda Rider,27.4,13623628,Mobile Money History,Bank Transfer,Eastern,Fort Portal,N/A,2024-05-02,"All payments on time, loan fully repaid","All payments on time, loan fully repaid",approved
312,49,21140711,707,28665843,education,University tuition,18,14.7,1784268,32116824,3450981,18,0,NGO Worker,25.4,128860219,Mobile Money History,Cash at Branch,Northern,Oyam,N/A,2023-04-02,"All payments on time, loan fully repaid","All payments on time, loan fully repaid",approved
313,48,1864454,686,4083102,business,Working capital,30,19.0,172032,5160960,1077858,0,0,Teacher,31.0,14594285,Business Inventory,SACCO Deduction,Eastern,Rukiga,N/A,2024-05-03,"Application rejected, no payments made","Application rejected, no payments made",rejected
314,39,325672,685,355946,agricultural,Seed and fertilizer,12,22.2,33349,400188,44242,12,0,Security Guard,16.5,736947,Livestock,Bank Transfer,Northern,Apac,Dry Season (Dec-Feb),2024-03-08,"All payments on time, loan fully repaid","All payments on time, loan fully repaid",approved
315,60,2286007,724,20135094,agricultural,Harvest labor,15,19.2,1520517,22807755,2672661,0,0,Security Guard,80.3,11326813,Savings Account,Cash at Branch,Central,Mityana,Planting Season (Mar-May),2024-12-18,"Application rejected, no payments made","Application rejected, no payments made",rejected
316,59,3844877,621,43591033,business,Shop expansion,6,23.1,7762439,46574634,2983601,0,0,Civil Servant,224.6,31403393,Savings Account,SACCO Deduction,Western,Ntungamo,N/A,2023-04-03,"Application rejected, no payments made","Application rejected, no payments made",rejected
317,29,213869,674,1152145,education,School fees,30,22.0,50272,1508160,356015,0,0,Trader,40.5,1309014,Vehicle Logbook,Bank Transfer,Central,Buikwe,N/A,2024-07-10,"Application rejected, no payments made","Application rejected, no payments made",rejected
318,50,662227,595,842656,education,School fees,6,29.9,152942,917652,74996,0,0,Construction Worker,49.3,6247323,None,Bank Transfer,Northern,Zombo,N/A,2023-07-23,"Application rejected, no payments made","Application rejected, no payments made",rejected
319,49,5788196,645,37689991,business,Restaurant equipment,48,25.7,1264452,60693696,23003705,48,0,NGO Worker,30.7,18426811,Land Title,Salary Deduction,Western,Rukungiri,N/A,2023-11-02,"All payments on time, loan fully repaid","All payments on time, loan fully repaid",approved
320,32,1109235,609,6177319,business,Shop expansion,12,25.5,588618,7063416,886097,0,0,Construction Worker,65.0,4751494,SACCO Shares,Mobile Money,Eastern,Isingiro,N/A,2023-01-10,"Application rejected, no payments made","Application rejected, no payments made",rejected
321,22,4493429,627,324368019,mortgage,Land purchase,84,23.1,7820424,656915616,332547597,0,0,Market Vendor,184.0,16093667,SACCO Shares,Cash at Branch,Northern,Arua,N/A,2023-03-03,"Application rejected, no payments made","Application rejected, no payments made",rejected
322,42,4749628,667,10559459,personal,Family emergency,9,18.9,1267593,11408337,848878,5,3,Security Guard,59.4,55951133,None,Bank Transfer,Western,Kasese,N/A,2023-02-10,"Defaulted after 5 payments, 3 missed payments total","Paid months 1-5, then missed payments at months 3, 4, 5...7, 8",defaulted
323,51,9689439,554,484536187,mortgage,Commercial building,192,24.8,10214897,1961260224,1476724037,0,0,Teacher,110.4,17359759,None,Cash at Branch,Western,Kiruhura,N/A,2024-07-21,"Application rejected, no payments made","Application rejected, no payments made",rejected
324,30,562555,787,5105875,agricultural,Land preparation,15,13.5,371826,5577390,471515,0,0,Unemployed,66.1,9718,Savings Account,Mobile Money,Northern,Maracha,Harvest Season (Sep-Nov),2023-11-25,"Application rejected, no payments made","Application rejected, no payments made",rejected
325,66,965136,539,2680675,education,Vocational training,24,34.1,155599,3734376,1053701,0,0,Construction Worker,44.2,9755295,Business Inventory,Cash at Branch,Eastern,Manafwa,N/A,2023-04-24,"Application rejected, no payments made","Application rejected, no payments made",rejected
326,26,2779675,522,20214127,business,Transport business,18,31.2,1420491,25568838,5354711,7,13,Civil Servant,53.6,2499660,Land Title,Salary Deduction,Eastern,Mbarara,N/A,2024-12-19,"Defaulted after 7 payments, 13 missed payments total","Paid months 1-7, then missed payments at months 1, 2, 3...17, 18",defaulted
327,57,1768300,712,126465170,mortgage,Land purchase,192,12.1,1492648,286588416,160123246,0,0,Farmer,124.3,25407198,Vehicle Logbook,SACCO Deduction,Northern,Pakwach,N/A,2024-01-05,"Application rejected, no payments made","Application rejected, no payments made",rejected
328,55,8489268,683,49890962,agricultural,Land preparation,3,21.1,17218551,51655653,1764691,0,0,Construction Worker,204.3,4555524,Vehicle Logbook,Bank Transfer,Central,Kayunga,Planting Season (Mar-May),2024-06-28,"Application rejected, no payments made","Application rejected, no payments made",rejected
329,44,951752,669,12394717,business,Working capital,60,22.8,347990,20879400,8484683,0,0,Boda Boda Rider,62.6,8928875,Vehicle Logbook,Salary Deduction,Northern,Maracha,N/A,2024-12-20,"Application rejected, no payments made","Application rejected, no payments made",rejected
330,62,1218318,670,9173647,business,Equipment purchase,54,21.0,263987,14255298,5081651,0,0,Self-Employed,48.0,11535594,Salary Assignment,Salary Deduction,Northern,Amolatar,N/A,2024-01-16,"Application rejected, no payments made","Application rejected, no payments made",rejected
331,46,8612034,619,22968508,agricultural,Seed and fertilizer,12,25.5,2188600,26263200,3294692,4,10,Construction Worker,45.6,62550502,None,SACCO Deduction,Western,Kazo,Dry Season (Dec-Feb),2024-06-14,"Defaulted after 4 payments, 10 missed payments total","Paid months 1-4, then missed payments at months 1, 2, 3...11, 12",defaulted
332,28,22128125,548,23029157,agricultural,Land preparation,12,37.1,2326235,27914820,4885663,12,0,Civil Servant,11.0,4033769,Mobile Money History,Salary Deduction,Western,Mitooma,Growing Season (Jun-Aug),2023-05-22,"All payments on time, loan fully repaid","All payments on time, loan fully repaid",approved
333,36,2220869,626,14518215,business,Restaurant equipment,30,23.4,643789,19313670,4795455,0,0,Farmer,46.3,13851232,Salary Assignment,SACCO Deduction,Eastern,Gulu,N/A,2024-12-20,"Application rejected, no payments made","Application rejected, no payments made",rejected
334,56,5799971,565,30321192,agricultural,Seed and fertilizer,3,31.2,10637128,31911384,1590192,0,0,Healthcare Worker,192.9,19916607,Salary Assignment,SACCO Deduction,Central,Buikwe,Dry Season (Dec-Feb),2023-08-21,"Application rejected, no payments made","Application rejected, no payments made",rejected
335,67,2547959,698,11500812,education,Boarding fees,6,20.1,2030730,12184380,683568,0,0,Boda Boda Rider,94.6,13668571,Mobile Money History,Bank Transfer,Eastern,Rwampara,N/A,2024-02-07,"Application rejected, no payments made","Application rejected, no payments made",rejected
336,48,9825587,608,8536132,personal,Medical expenses,12,23.2,803872,9646464,1110332,6,7,NGO Worker,19.4,39519380,Vehicle Logbook,SACCO Deduction,Eastern,Rubanda,N/A,2024-02-13,"Defaulted after 6 payments, 7 missed payments total","Paid months 1-6, then missed payments at months 1, 2, 3...11, 12",defaulted
337,52,2463540,553,23693945,business,Equipment purchase,48,27.8,823076,39507648,15813703,24,25,Self-Employed,49.2,14023925,SACCO Shares,Salary Deduction,Eastern,Bukwo,N/A,2024-12-02,"Defaulted after 24 payments, 25 missed payments total","Paid months 1-24, then missed payments at months 1, 2, 3...47, 48",defaulted
338,56,833672,594,2431615,agricultural,Irrigation equipment,18,29.3,168560,3034080,602465,0,0,Student,49.9,8911777,Savings Account,Cash at Branch,Central,Kayunga,Dry Season (Dec-Feb),2023-02-15,"Application rejected, no payments made","Application rejected, no payments made",rejected
339,34,791979,653,853487,personal,Medical expenses,6,19.0,150234,901404,47917,3,4,Self-Employed,43.8,7082220,Land Title,Cash at Branch,Eastern,Kiruhura,N/A,2023-12-06,"Defaulted after 3 payments, 4 missed payments total","Paid months 1-3, then missed payments at months 1, 2, 3...5, 6",defaulted
340,33,6777338,574,343206461,mortgage,Commercial building,156,26.2,7760392,1210621152,867414691,0,0,Farmer,141.5,65872032,Land Title,SACCO Deduction,Eastern,Butebo,N/A,2023-02-14,"Application rejected, no payments made","Application rejected, no payments made",rejected
341,36,697809,554,42015431,mortgage,Land purchase,108,25.9,1007188,108776304,66760873,0,0,Farmer,185.3,10289021,Business Inventory,Cash at Branch,Central,Kalangala,N/A,2023-10-27,"Application rejected, no payments made","Application rejected, no payments made",rejected
342,61,1798388,639,4964834,personal,Medical expenses,18,25.5,334816,6026688,1061854,0,0,NGO Worker,33.7,9750713,Mobile Money History,SACCO Deduction,Eastern,Bushenyi,N/A,2023-09-11,"Application rejected, no payments made","Application rejected, no payments made",rejected
343,53,2027463,639,15690928,business,Restaurant equipment,6,25.7,2814643,16887858,1196930,0,0,Student,156.6,12969288,Mobile Money History,Cash at Branch,Western,Kisoro,N/A,2023-09-21,"Application rejected, no payments made","Application rejected, no payments made",rejected
344,44,11835529,579,591813175,mortgage,Commercial building,240,24.9,12369599,2968703760,2376890585,0,0,Civil Servant,112.5,33979847,Savings Account,Mobile Money,Northern,Yumbe,N/A,2024-11-25,"Application rejected, no payments made","Application rejected, no payments made",rejected
345,59,10758974,582,14991129,education,University tuition,24,26.6,812184,19492416,4501287,8,19,Farmer,49.6,162894953,Mobile Money History,Bank Transfer,Western,Rukiga,N/A,2023-05-22,"Defaulted after 8 payments, 19 missed payments total","Paid months 1-8, then missed payments at months 1, 2, 3...23, 24",defaulted
346,39,4696999,638,19135010,business,Shop expansion,42,25.6,694316,29161272,10026262,0,0,SACCO Member,31.7,28653188,Vehicle Logbook,Salary Deduction,Eastern,Rwampara,N/A,2023-11-22,"Application rejected, no payments made","Application rejected, no payments made",rejected
347,29,11420934,504,10799803,education,Vocational training,42,32.7,434895,18265590,7465787,19,25,Trader,38.0,140771514,Livestock,Mobile Money,Western,Bushenyi,N/A,2024-09-12,"Defaulted after 19 payments, 25 missed payments total","Paid months 1-19, then missed payments at months 1, 2, 3...41, 42",defaulted
348,56,3473844,507,2403610,personal,Wedding costs,18,34.1,172432,3103776,700166,0,0,Farmer,25.6,25828011,Salary Assignment,Bank Transfer,Northern,Koboko,N/A,2024-04-30,"Application rejected, no payments made","Application rejected, no payments made",rejected
349,28,637264,562,1450501,education,Exam registration,6,29.8,263192,1579152,128651,0,0,Civil Servant,46.5,1191336,Vehicle Logbook,Bank Transfer,Eastern,Rukungiri,N/A,2024-09-23,"Application rejected, no payments made","Application rejected, no payments made",rejected
350,51,4419082,602,36008312,business,Transport business,42,26.1,1316414,55289388,19281076,0,0,SACCO Member,48.0,29014117,Salary Assignment,SACCO Deduction,Northern,Maracha,N/A,2024-07-03,"Application rejected, no payments made","Application rejected, no payments made",rejected
351,53,2661530,644,8996282,personal,Debt consolidation,24,25.3,481500,11556000,2559718,6,20,NGO Worker,19.3,1151490,Mobile Money History,SACCO Deduction,Eastern,Kween,N/A,2023-02-20,"Defaulted after 6 payments, 20 missed payments total","Paid months 1-6, then missed payments at months 1, 2, 3...23, 24",defaulted
352,32,1834750,738,9574871,agricultural,Land preparation,15,16.7,711682,10675230,1100359,15,0,SACCO Member,47.6,5834015,Savings Account,SACCO Deduction,Central,Luwero,Dry Season (Dec-Feb),2024-08-22,"All payments on time, loan fully repaid","All payments on time, loan fully repaid",approved
353,64,4148641,688,5820464,agricultural,Storage facility,24,20.7,298231,7157544,1337080,0,0,Student,36.7,44082125,Vehicle Logbook,Cash at Branch,Eastern,Kumi,Harvest Season (Sep-Nov),2023-06-17,"Application rejected, no payments made","Application rejected, no payments made",rejected
354,65,5764967,607,5744895,education,University tuition,36,24.1,225690,8124840,2379945,36,0,Private Sector,15.4,23913911,Mobile Money History,SACCO Deduction,Eastern,Buhweju,N/A,2023-12-10,"All payments on time, loan fully repaid","All payments on time, loan fully repaid",approved
355,56,6259043,618,19404863,business,Shop expansion,18,24.7,1300993,23417874,4013011,0,0,Self-Employed,33.2,27896952,Savings Account,Mobile Money,Northern,Omoro,N/A,2023-01-04,"Application rejected, no payments made","Application rejected, no payments made",rejected
356,59,5102406,539,11669639,education,Exam registration,48,34.8,453371,21761808,10092169,0,0,Unemployed,49.4,74452340,Livestock,Salary Deduction,Northern,Nwoya,N/A,2024-02-24,"Application rejected, no payments made","Application rejected, no payments made",rejected
357,48,406892,618,103528189,mortgage,Home renovation,108,22.5,2242791,242221428,138693239,0,0,Farmer,586.7,5205732,Savings Account,Bank Transfer,Eastern,Lira,N/A,2023-02-07,"Application rejected, no payments made","Application rejected, no payments made",rejected
358,29,10595172,596,529801999,mortgage,Commercial building,114,27.7,13209129,1505840706,976038707,0,0,Healthcare Worker,125.9,4675461,Savings Account,Cash at Branch,Northern,Agago,N/A,2024-08-09,"Application rejected, no payments made","Application rejected, no payments made",rejected
359,70,4409825,645,230111989,mortgage,Land purchase,126,20.4,4443088,559829088,329717099,0,0,Market Vendor,112.7,19005642,Vehicle Logbook,SACCO Deduction,Western,Rwampara,N/A,2023-10-27,"Application rejected, no payments made","Application rejected, no payments made",rejected
360,50,687748,553,104804222,mortgage,Rental property,138,24.8,2302814,317788332,212984110,0,0,Trader,342.5,1897821,SACCO Shares,Salary Deduction,Central,Masaka,N/A,2024-12-06,"Application rejected, no payments made","Application rejected, no payments made",rejected
361,58,21636406,661,1081861782,mortgage,Rental property,222,17.0,16032242,3559157724,2477295942,0,0,Student,102.9,223992373,SACCO Shares,Salary Deduction,Western,Bushenyi,N/A,2024-05-19,"Application rejected, no payments made","Application rejected, no payments made",rejected
362,31,6952210,742,7058303,agricultural,Harvest labor,12,16.5,642077,7704924,646621,12,0,Market Vendor,27.8,46540548,SACCO Shares,SACCO Deduction,Central,Mubende,Dry Season (Dec-Feb),2024-07-27,"All payments on time, loan fully repaid","All payments on time, loan fully repaid",approved
363,60,2343473,611,4619673,agricultural,Livestock purchase,15,25.2,362223,5433345,813672,15,0,Farmer,37.4,18523649,Land Title,Mobile Money,Western,Bundibugyo,Harvest Season (Sep-Nov),2023-01-30,"All payments on time, loan fully repaid","All payments on time, loan fully repaid",approved
364,31,754352,652,675460,education,Boarding fees,48,20.6,20771,997008,321548,48,0,SACCO Member,17.2,3922744,Salary Assignment,SACCO Deduction,Northern,Kwania,N/A,2023-02-27,"All payments on time, loan fully repaid","All payments on time, loan fully repaid",approved
365,53,2422283,675,131163533,mortgage,Home renovation,162,16.8,2052087,332438094,201274561,0,0,Trader,109.9,21918055,Savings Account,Cash at Branch,Western,Fort Portal,N/A,2024-01-20,"Application rejected, no payments made","Application rejected, no payments made",rejected
366,60,3196126,587,210105443,mortgage,Rental property,132,26.4,4899413,646722516,436617073,30,102,Healthcare Worker,174.9,24870153,Salary Assignment,Mobile Money,Western,Bunyangabu,N/A,2023-11-06,"Defaulted after 30 payments, 102 missed payments total","Paid months 1-30, then missed payments at months 1, 2, 3...131, 132",defaulted
367,33,3234056,637,10015353,agricultural,Irrigation equipment,3,27.7,3493748,10481244,465891,0,0,Private Sector,121.3,15500054,Mobile Money History,Bank Transfer,Central,Kyankwanzi,Growing Season (Jun-Aug),2024-06-20,"Application rejected, no payments made","Application rejected, no payments made",rejected
368,39,6202045,621,5327646,personal,Medical expenses,27,22.8,254070,6859890,1532244,27,0,Security Guard,5.3,2720405,Mobile Money History,Mobile Money,Northern,Koboko,N/A,2024-12-04,"All payments on time, loan fully repaid","All payments on time, loan fully repaid",approved
369,58,7795837,627,12631762,personal,Home repairs,6,25.1,2262077,13572462,940700,0,0,Unemployed,78.7,139493354,Business Inventory,Bank Transfer,Central,Gomba,N/A,2023-10-21,"Application rejected, no payments made","Application rejected, no payments made",rejected
370,37,4350173,558,3427679,personal,Home repairs,15,26.6,271104,4066560,638881,4,13,Boda Boda Rider,11.6,8365098,Mobile Money History,Cash at Branch,Central,Mubende,N/A,2023-06-25,"Defaulted after 4 payments, 13 missed payments total","Paid months 1-4, then missed payments at months 1, 2, 3...14, 15",defaulted
371,24,1710386,621,3037472,education,Vocational training,6,22.1,539373,3236238,198766,3,5,NGO Worker,57.1,15758782,Group Guarantee,Mobile Money,Central,Masaka,N/A,2023-11-16,"Defaulted after 3 payments, 5 missed payments total","Paid months 1-3, then missed payments at months 1, 2, 3...5, 6",defaulted
372,41,10980227,659,549110406,mortgage,Rental property,72,19.1,12867860,926485920,377375514,0,0,Security Guard,136.1,74813465,Vehicle Logbook,SACCO Deduction,Central,Kiboga,N/A,2024-04-26,"Application rejected, no payments made","Application rejected, no payments made",rejected
373,34,16822499,736,841172588,mortgage,Rental property,108,13.6,13543198,1462665384,621492796,14,94,Construction Worker,106.2,155354314,Salary Assignment,SACCO Deduction,Western,Kasese,N/A,2024-04-17,"Defaulted after 14 payments, 94 missed payments total","Paid months 1-14, then missed payments at months 1, 2, 3...107, 108",defaulted
374,30,1731099,696,359258350,mortgage,Commercial building,84,16.4,7217700,606286800,247028450,0,0,Healthcare Worker,437.4,12737384,Mobile Money History,Mobile Money,Central,Buikwe,N/A,2024-04-17,"Application rejected, no payments made","Application rejected, no payments made",rejected
375,45,3500657,792,17672984,business,Equipment purchase,54,14.9,451121,24360534,6687550,54,0,Healthcare Worker,22.5,12092487,SACCO Shares,SACCO Deduction,Western,Kanungu,N/A,2024-07-11,"All payments on time, loan fully repaid","All payments on time, loan fully repaid",approved
376,64,2389598,558,9359100,personal,Wedding costs,36,26.5,379581,13664916,4305816,0,0,Boda Boda Rider,43.7,23929597,Vehicle Logbook,SACCO Deduction,Western,Mitooma,N/A,2023-03-13,"Application rejected, no payments made","Application rejected, no payments made",rejected
377,58,797316,689,1158103,education,University tuition,6,18.9,203796,1222776,64673,3,2,Trader,30.7,1462039,Savings Account,SACCO Deduction,Central,Mpigi,N/A,2024-11-28,"Defaulted after 3 payments, 2 missed payments total","Paid months 1-3, missed at months 2, 3, 4, 5",defaulted
378,40,2425138,634,2710563,education,School fees,36,24.3,106771,3843756,1133193,36,0,Teacher,20.7,14236314,Business Inventory,Mobile Money,Northern,Pader,N/A,2023-01-01,"All payments on time, loan fully repaid","All payments on time, loan fully repaid",approved
379,65,4006781,795,19793548,agricultural,Land preparation,3,13.7,6749070,20247210,453662,0,4,Private Sector,186.1,25538299,Group Guarantee,SACCO Deduction,Western,Bunyangabu,Dry Season (Dec-Feb),2023-07-12,"Defaulted after 0 payments, 4 missed payments total","Defaulted immediately, no payments made",defaulted
380,55,1755578,555,5717527,education,Boarding fees,18,30.0,398341,7170138,1452611,0,0,Construction Worker,47.3,15527863,Vehicle Logbook,Mobile Money,Eastern,Jinja,N/A,2024-03-23,"Application rejected, no payments made","Application rejected, no payments made",rejected
381,28,836056,552,1926277,education,Books and supplies,42,27.8,72229,3033618,1107341,42,0,Construction Worker,24.2,4680614,Salary Assignment,Bank Transfer,Northern,Apac,N/A,2024-05-25,"All payments on time, loan fully repaid","All payments on time, loan fully repaid",approved
382,66,2052201,572,1587497,education,Vocational training,36,29.9,67305,2422980,835483,16,24,Teacher,18.4,11193188,SACCO Shares,SACCO Deduction,Western,Kasese,N/A,2024-04-21,"Defaulted after 16 payments, 24 missed payments total","Paid months 1-16, then missed payments at months 1, 2, 3...35, 36",defaulted
383,53,492742,450,963674,education,School fees,12,33.8,95756,1149072,185398,0,0,Farmer,54.0,6134801,Land Title,Cash at Branch,Western,Kamwenge,N/A,2024-04-25,"Application rejected, no payments made","Application rejected, no payments made",rejected
384,49,4468103,577,16309949,agricultural,Seed and fertilizer,21,31.8,1022701,21476721,5166772,0,0,Healthcare Worker,42.8,32098892,Land Title,Salary Deduction,Western,Rukungiri,Harvest Season (Sep-Nov),2024-10-06,"Application rejected, no payments made","Application rejected, no payments made",rejected
385,50,4902748,559,14526684,agricultural,Harvest labor,3,29.9,5085512,15256536,729852,0,0,Civil Servant,106.7,5222893,Business Inventory,Bank Transfer,Central,Nakasongola,Harvest Season (Sep-Nov),2023-01-15,"Application rejected, no payments made","Application rejected, no payments made",rejected
386,67,583095,632,49439828,mortgage,Commercial building,198,22.6,954859,189062082,139622254,0,0,SACCO Member,174.9,2328579,Livestock,SACCO Deduction,Eastern,Ntungamo,N/A,2023-02-03,"Application rejected, no payments made","Application rejected, no payments made",rejected
387,41,16867749,647,84252453,business,Equipment purchase,48,27.0,2888370,138641760,54389307,0,0,Healthcare Worker,36.4,116949334,None,Bank Transfer,Eastern,Butebo,N/A,2023-02-25,"Application rejected, no payments made","Application rejected, no payments made",rejected
388,61,1243257,770,9176341,business,Working capital,48,12.9,245723,11794704,2618363,48,0,Civil Servant,30.9,4973819,Group Guarantee,SACCO Deduction,Eastern,Buhweju,N/A,2023-01-13,"All payments on time, loan fully repaid","All payments on time, loan fully repaid",approved
389,38,27059921,696,30326925,agricultural,Seed and fertilizer,3,23.7,10510882,31532646,1205721,0,0,Student,70.7,310475649,Business Inventory,Cash at Branch,Northern,Adjumani,Harvest Season (Sep-Nov),2023-09-19,"Application rejected, no payments made","Application rejected, no payments made",rejected
390,61,4434029,573,21949299,business,Stock purchase,60,29.1,698049,41882940,19933641,0,0,Security Guard,38.3,36060263,Mobile Money History,Mobile Money,Eastern,Rwampara,N/A,2023-01-13,"Application rejected, no payments made","Application rejected, no payments made",rejected
391,46,508954,548,714626,education,University tuition,36,34.4,32085,1155060,440434,36,0,Boda Boda Rider,18.1,2153819,SACCO Shares,Mobile Money,Central,Kampala,N/A,2024-09-05,"All payments on time, loan fully repaid","All payments on time, loan fully repaid",approved
392,60,525805,659,76750537,mortgage,Land purchase,84,18.6,1640234,137779656,61029119,0,0,Private Sector,338.9,5110240,Savings Account,Cash at Branch,Eastern,Kabale,N/A,2024-10-16,"Application rejected, no payments made","Application rejected, no payments made",rejected
393,49,21273893,514,12795641,education,Exam registration,36,31.0,550227,19808172,7012531,8,27,Security Guard,5.1,18890466,Group Guarantee,Cash at Branch,Central,Kalangala,N/A,2023-03-13,"Defaulted after 8 payments, 27 missed payments total","Paid months 1-8, then missed payments at months 1, 2, 3...34, 35",defaulted
394,51,18733338,766,25877372,education,School fees,18,10.4,1558890,28060020,2182648,18,0,Healthcare Worker,21.8,91150604,SACCO Shares,Mobile Money,Northern,Lamwo,N/A,2023-02-05,"All payments on time, loan fully repaid","All payments on time, loan fully repaid",approved
395,24,662769,714,4506405,education,Exam registration,6,14.6,783373,4700238,193833,0,0,Security Guard,139.5,5092732,Business Inventory,Bank Transfer,Central,Kalangala,N/A,2024-08-11,"Application rejected, no payments made","Application rejected, no payments made",rejected
396,20,4558058,582,4631184,education,Vocational training,42,28.2,174684,7336728,2705544,0,0,Unemployed,4.1,361803,SACCO Shares,Salary Deduction,Northern,Kitgum,N/A,2023-12-08,"Application rejected, no payments made","Application rejected, no payments made",rejected
397,63,1115751,482,1679067,personal,Medical expenses,18,35.1,121310,2183580,504513,0,0,Boda Boda Rider,26.7,6374346,Business Inventory,Bank Transfer,Northern,Zombo,N/A,2024-01-29,"Application rejected, no payments made","Application rejected, no payments made",rejected
398,62,809054,728,3418227,personal,Wedding costs,33,15.9,128547,4242051,823824,18,15,SACCO Member,42.4,7734809,Livestock,Bank Transfer,Northern,Maracha,N/A,2024-02-03,"Defaulted after 18 payments, 15 missed payments total","Paid months 1-18, then missed payments at months 4, 5, 6...32, 33",defaulted
399,24,10397294,610,5749553,education,Exam registration,48,22.1,181458,8709984,2960431,0,0,Teacher,3.2,5595020,Vehicle Logbook,Bank Transfer,Central,Kalangala,N/A,2024-11-25,"Application rejected, no payments made","Application rejected, no payments made",rejected
400,54,644303,719,3406892,personal,Medical expenses,3,14.6,1163376,3490128,83236,0,6,SACCO Member,200.2,4549668,Land Title,Bank Transfer,Northern,Adjumani,N/A,2023-11-11,"Defaulted after 0 payments, 6 missed payments total","Defaulted immediately, no payments made",defaulted
401,70,578980,492,32516883,mortgage,Rental property,72,28.7,951155,68483160,35966277,0,0,Construction Worker,186.1,4547136,Livestock,SACCO Deduction,Eastern,Gulu,N/A,2023-11-29,"Application rejected, no payments made","Application rejected, no payments made",rejected
402,27,16608010,572,44855894,business,Working capital,6,28.3,8105045,48630270,3774376,0,0,Trader,53.2,26470518,Savings Account,Cash at Branch,Eastern,Busia,N/A,2023-09-07,"Application rejected, no payments made","Application rejected, no payments made",rejected
403,57,152411,620,33714544,mortgage,Commercial building,132,20.6,647202,85430664,51716120,0,0,Security Guard,454.0,1608777,Land Title,Bank Transfer,Central,Kampala,N/A,2023-10-18,"Application rejected, no payments made","Application rejected, no payments made",rejected
404,46,4496541,623,18595545,business,Transport business,24,25.6,998079,23953896,5358351,0,0,Market Vendor,43.1,33869974,Savings Account,Salary Deduction,Northern,Nwoya,N/A,2023-07-04,"Application rejected, no payments made","Application rejected, no payments made",rejected
405,65,2869187,583,16921309,agricultural,Livestock purchase,18,28.0,1162035,20916630,3995321,0,0,Boda Boda Rider,51.5,11358351,Vehicle Logbook,Salary Deduction,Central,Luwero,Harvest Season (Sep-Nov),2024-06-03,"Application rejected, no payments made","Application rejected, no payments made",rejected
406,34,3372871,669,3576876,personal,Home repairs,12,21.2,333400,4000800,423924,5,7,Teacher,28.2,22187892,Savings Account,Bank Transfer,Northern,Lira,N/A,2024-03-21,"Defaulted after 5 payments, 7 missed payments total","Paid months 1-5, then missed payments at months 1, 2, 3...11, 12",defaulted
407,36,1950319,534,1415196,personal,Wedding costs,36,35.5,64419,2319084,903888,36,0,Civil Servant,7.4,2881510,Mobile Money History,Mobile Money,Central,Kyankwanzi,N/A,2024-08-29,"All payments on time, loan fully repaid","All payments on time, loan fully repaid",approved
408,57,1416811,608,3264533,agricultural,Irrigation equipment,12,25.3,310750,3729000,464467,0,0,Market Vendor,25.9,2000712,Group Guarantee,Bank Transfer,Northern,Lamwo,Planting Season (Mar-May),2023-05-29,"Application rejected, no payments made","Application rejected, no payments made",rejected
409,33,27266960,629,15921969,education,School fees,36,23.8,622994,22427784,6505815,36,0,Self-Employed,10.1,76233809,Livestock,Cash at Branch,Western,Ntungamo,N/A,2023-10-15,"All payments on time, loan fully repaid","All payments on time, loan fully repaid",approved
410,28,888148,661,6822264,education,Books and supplies,18,19.4,439866,7917588,1095324,0,0,Unemployed,108.6,18894296,SACCO Shares,Bank Transfer,Eastern,Bududa,N/A,2023-08-24,"Application rejected, no payments made","Application rejected, no payments made",rejected
411,25,2094228,676,20076110,business,Transport business,60,22.3,557910,33474600,13398490,0,0,Unemployed,45.3,14031539,Livestock,Bank Transfer,Northern,Maracha,N/A,2023-08-16,"Application rejected, no payments made","Application rejected, no payments made",rejected
412,57,12170375,530,7072217,personal,Debt consolidation,3,34.4,2493837,7481511,409294,0,0,Student,45.7,110457032,Group Guarantee,SACCO Deduction,Northern,Oyam,N/A,2023-04-11,"Application rejected, no payments made","Application rejected, no payments made",rejected
413,48,2848511,497,4493589,personal,Home repairs,36,32.4,196715,7081740,2588151,36,0,NGO Worker,13.1,6334137,Livestock,Mobile Money,Western,Isingiro,N/A,2024-12-21,"All payments on time, loan fully repaid","All payments on time, loan fully repaid",approved
414,49,11268695,722,13414959,personal,Medical expenses,24,17.1,663911,15933864,2518905,24,0,Healthcare Worker,27.7,88659740,Salary Assignment,SACCO Deduction,Northern,Agago,N/A,2024-10-04,"All payments on time, loan fully repaid","All payments on time, loan fully repaid",approved
415,24,2448609,646,281660985,mortgage,Land purchase,66,21.7,7343468,484668888,203007903,0,0,Trader,309.8,8720034,Vehicle Logbook,Salary Deduction,Eastern,Bukwo,N/A,2024-06-11,"Application rejected, no payments made","Application rejected, no payments made",rejected
416,63,1108134,560,4457729,education,University tuition,36,28.5,185594,6681384,2223655,0,0,Private Sector,27.7,4375099,Mobile Money History,Mobile Money,Eastern,Namisindwa,N/A,2023-12-09,"Application rejected, no payments made","Application rejected, no payments made",rejected
417,35,4506947,744,337979630,mortgage,Home renovation,222,15.0,4510876,1001414472,663434842,0,0,Market Vendor,130.5,49381523,Business Inventory,Salary Deduction,Western,Kazo,N/A,2023-02-25,"Application rejected, no payments made","Application rejected, no payments made",rejected
418,24,1948773,629,163317776,mortgage,Land purchase,156,21.9,3169201,494395356,331077580,0,0,Unemployed,198.1,24877466,SACCO Shares,Cash at Branch,Western,Rukiga,N/A,2023-07-12,"Application rejected, no payments made","Application rejected, no payments made",rejected
419,49,809660,714,2910281,business,Equipment purchase,30,15.4,117493,3524790,614509,30,0,SACCO Member,22.8,2412933,Savings Account,Bank Transfer,Eastern,Budaka,N/A,2024-03-02,"All payments on time, loan fully repaid","All payments on time, loan fully repaid",approved
420,63,3053762,625,17947233,agricultural,Harvest labor,21,27.0,1081782,22717422,4770189,10,15,Unemployed,36.9,1574443,Land Title,Bank Transfer,Eastern,Gulu,Harvest Season (Sep-Nov),2024-05-12,"Defaulted after 10 payments, 15 missed payments total","Paid months 1-10, then missed payments at months 1, 2, 3...20, 21",defaulted
421,57,4723678,784,359129242,mortgage,Land purchase,144,9.2,4127558,594368352,235239110,0,0,Construction Worker,92.2,8227684,Business Inventory,Bank Transfer,Western,Rukungiri,N/A,2023-06-01,"Application rejected, no payments made","Application rejected, no payments made",rejected
422,42,1348888,760,12269063,business,Equipment purchase,54,11.7,293322,15839388,3570325,54,0,Healthcare Worker,26.1,2128861,Livestock,Mobile Money,Eastern,Masindi,N/A,2024-08-11,"All payments on time, loan fully repaid","All payments on time, loan fully repaid",approved
423,28,1775258,600,4714488,business,Transport business,54,25.7,148146,7999884,3285396,0,0,Self-Employed,47.5,25001890,None,Salary Deduction,Eastern,Sheema,N/A,2023-11-05,"Application rejected, no payments made","Application rejected, no payments made",rejected
424,27,25574859,697,28156725,education,Books and supplies,18,21.7,1846612,33239016,5082291,18,0,SACCO Member,11.9,43103235,Business Inventory,SACCO Deduction,Western,Kyenjojo,N/A,2024-11-13,"All payments on time, loan fully repaid","All payments on time, loan fully repaid",approved
425,29,11111468,671,28679669,education,University tuition,36,18.4,1042603,37533708,8854039,36,0,SACCO Member,23.8,57479594,Mobile Money History,Mobile Money,Central,Mpigi,N/A,2024-04-01,"All payments on time, loan fully repaid","All payments on time, loan fully repaid",approved
426,42,457706,729,5331459,business,Restaurant equipment,60,15.9,129368,7762080,2430621,60,0,Healthcare Worker,51.7,3854335,Land Title,Mobile Money,Western,Kanungu,N/A,2023-03-31,"All payments on time, loan fully repaid","All payments on time, loan fully repaid",approved
427,52,2028580,542,238748724,mortgage,Home renovation,174,33.7,6759434,1176141516,937392792,0,0,Trader,366.5,24325716,Savings Account,SACCO Deduction,Western,Rwampara,N/A,2023-01-13,"Application rejected, no payments made","Application rejected, no payments made",rejected
428,38,1646101,674,198105505,mortgage,Rental property,72,18.9,4619722,332619984,134514479,0,0,Unemployed,310.3,17549557,None,Cash at Branch,Northern,Nebbi,N/A,2024-02-29,"Application rejected, no payments made","Application rejected, no payments made",rejected
429,28,10015848,704,60730690,business,Equipment purchase,24,16.9,2999746,71993904,11263214,24,0,Private Sector,56.0,93841272,SACCO Shares,SACCO Deduction,Western,Fort Portal,N/A,2024-02-29,"All payments on time, loan fully repaid","All payments on time, loan fully repaid",approved
430,31,4882013,479,12884695,business,Working capital,24,36.0,760808,18259392,5374697,0,0,Security Guard,25.2,16957955,Business Inventory,Salary Deduction,Northern,Lira,N/A,2023-08-18,"Application rejected, no payments made","Application rejected, no payments made",rejected
431,21,6292046,525,10458732,agricultural,Storage facility,24,35.9,617007,14808168,4349436,1,25,Teacher,33.6,53921516,None,Bank Transfer,Northern,Agago,Planting Season (Mar-May),2024-01-06,"Defaulted after 1 payments, 25 missed payments total","Paid months 1-1, then missed payments at months 1, 2, 3...23, 24",defaulted
432,57,4329003,456,6335284,agricultural,Irrigation equipment,24,34.2,368064,8833536,2498252,0,0,Construction Worker,35.4,41883259,Savings Account,Salary Deduction,Central,Nakasongola,Planting Season (Mar-May),2024-12-10,"Application rejected, no payments made","Application rejected, no payments made",rejected
433,28,1110914,598,6448141,agricultural,Land preparation,21,31.6,403666,8476986,2028845,0,0,Teacher,45.8,3796492,Mobile Money History,Mobile Money,Western,Isingiro,Growing Season (Jun-Aug),2023-04-07,"Application rejected, no payments made","Application rejected, no payments made",rejected
434,58,9560989,677,27778292,agricultural,Harvest labor,15,22.7,2144377,32165655,4387363,0,0,Trader,47.7,86872825,SACCO Shares,Cash at Branch,Central,Nakaseke,Growing Season (Jun-Aug),2024-05-11,"Application rejected, no payments made","Application rejected, no payments made",rejected
435,46,1341896,740,19574519,business,Equipment purchase,18,15.9,1229459,22130262,2555743,0,19,Private Sector,97.3,2730625,None,Mobile Money,Central,Kassanda,N/A,2023-11-16,"Defaulted after 0 payments, 19 missed payments total","Defaulted immediately, no payments made",defaulted
436,64,1926810,625,279974582,mortgage,Home renovation,156,20.7,5189657,809586492,529611910,0,0,SACCO Member,278.5,6340341,Savings Account,Bank Transfer,Central,Luweero,N/A,2023-05-09,"Application rejected, no payments made","Application rejected, no payments made",rejected
437,33,482423,750,320090,personal,Medical expenses,6,13.1,55405,332430,12340,0,0,Student,49.4,6576396,Vehicle Logbook,Mobile Money,Central,Mubende,N/A,2024-04-25,"Application rejected, no payments made","Application rejected, no payments made",rejected
438,27,13452286,509,15071347,agricultural,Land preparation,3,36.7,5334156,16002468,931121,0,0,Private Sector,67.3,133676161,Livestock,Bank Transfer,Eastern,Kibuku,Harvest Season (Sep-Nov),2023-10-12,"Application rejected, no payments made","Application rejected, no payments made",rejected
439,57,1336713,483,115728087,mortgage,House construction,204,31.7,3072196,626727984,510999897,0,0,Construction Worker,248.3,8908927,SACCO Shares,Mobile Money,Central,Masaka,N/A,2023-10-16,"Application rejected, no payments made","Application rejected, no payments made",rejected
440,30,12145254,615,10302123,personal,Wedding costs,12,25.4,981158,11773896,1471773,0,0,Market Vendor,27.1,83023781,Vehicle Logbook,Bank Transfer,Eastern,Pallisa,N/A,2023-08-08,"Application rejected, no payments made","Application rejected, no payments made",rejected
441,52,1236654,650,9053187,agricultural,Irrigation equipment,6,20.4,1599903,9599418,546231,0,0,Security Guard,133.9,2016918,Business Inventory,Salary Deduction,Western,Bunyangabu,Planting Season (Mar-May),2023-10-18,"Application rejected, no payments made","Application rejected, no payments made",rejected
442,49,3808651,617,20490658,education,Vocational training,24,23.6,1079277,25902648,5411990,0,0,Boda Boda Rider,74.3,63023146,Vehicle Logbook,SACCO Deduction,Northern,Lamwo,N/A,2023-07-03,"Application rejected, no payments made","Application rejected, no payments made",rejected
443,20,28496981,454,14305907,personal,Medical expenses,21,33.1,906577,19038117,4732210,0,0,Boda Boda Rider,34.8,323882824,Group Guarantee,SACCO Deduction,Central,Mpigi,N/A,2023-06-22,"Application rejected, no payments made","Application rejected, no payments made",rejected
444,24,1417514,612,16995493,business,Transport business,60,27.0,518963,31137780,14142287,0,0,Trader,41.1,2297025,None,Cash at Branch,Northern,Maracha,N/A,2024-08-30,"Application rejected, no payments made","Application rejected, no payments made",rejected
445,37,11719142,515,13842611,education,School fees,36,34.0,618375,22261500,8418889,0,0,Boda Boda Rider,49.6,187064836,Business Inventory,Bank Transfer,Northern,Oyam,N/A,2023-05-06,"Application rejected, no payments made","Application rejected, no payments made",rejected
446,36,3468136,673,13620542,business,Restaurant equipment,6,22.0,2417959,14507754,887212,0,0,Boda Boda Rider,108.5,48377894,Land Title,Bank Transfer,Northern,Yumbe,N/A,2023-12-01,"Application rejected, no payments made","Application rejected, no payments made",rejected
447,29,2307013,649,9876801,personal,Funeral costs,33,25.1,417381,13773573,3896772,0,0,Private Sector,41.9,19751490,None,SACCO Deduction,Eastern,Kiruhura,N/A,2023-12-18,"Application rejected, no payments made","Application rejected, no payments made",rejected
448,54,2632533,544,5092108,personal,Family emergency,21,31.9,319557,6710697,1618589,0,0,Student,31.0,17832931,Land Title,Bank Transfer,Northern,Lira,N/A,2024-12-24,"Application rejected, no payments made","Application rejected, no payments made",rejected
449,30,3064084,578,14350021,education,Exam registration,48,26.4,487079,23379792,9029771,15,35,Teacher,33.9,19855987,Mobile Money History,Bank Transfer,Northern,Lira,N/A,2024-09-23,"Defaulted after 15 payments, 35 missed payments total","Paid months 1-15, then missed payments at months 1, 2, 3...47, 48",defaulted
450,63,1596508,535,3274837,personal,Debt consolidation,3,30.3,1147197,3441591,166754,0,0,Trader,102.5,17637471,SACCO Shares,Mobile Money,Western,Kasese,N/A,2023-12-16,"Application rejected, no payments made","Application rejected, no payments made",rejected
451,44,761908,614,854484,education,Books and supplies,36,24.6,33794,1216584,362100,5,29,Trader,13.5,2490299,Vehicle Logbook,Mobile Money,Western,Ibanda,N/A,2023-11-30,"Defaulted after 5 payments, 29 missed payments total","Paid months 1-5, then missed payments at months 1, 2, 3...33, 34",defaulted
452,22,4271980,696,439714332,mortgage,Commercial building,228,17.1,6525061,1487713908,1047999576,0,0,Healthcare Worker,170.1,26758086,Group Guarantee,Salary Deduction,Central,Buikwe,N/A,2023-04-11,"Application rejected, no payments made","Application rejected, no payments made",rejected
453,51,615910,541,1006840,education,Books and supplies,36,33.7,44808,1613088,606248,0,0,Trader,20.6,2953912,None,Mobile Money,Northern,Lamwo,N/A,2023-08-08,"Application rejected, no payments made","Application rejected, no payments made",rejected
454,38,1623525,660,11290346,education,Books and supplies,24,21.0,580162,13923888,2633542,24,0,Healthcare Worker,38.0,1343662,Salary Assignment,Cash at Branch,Central,Gomba,N/A,2024-05-01,"All payments on time, loan fully repaid","All payments on time, loan fully repaid",approved
455,47,1160771,577,4792287,agricultural,Livestock purchase,15,30.7,388719,5830785,1038498,0,0,Boda Boda Rider,48.1,6110681,Business Inventory,Salary Deduction,Northern,Apac,Dry Season (Dec-Feb),2023-07-04,"Application rejected, no payments made","Application rejected, no payments made",rejected
456,21,4665200,556,42831388,business,Working capital,60,27.9,1331008,79860480,37029092,0,0,Construction Worker,63.8,59247785,Mobile Money History,Salary Deduction,Northern,Amuru,N/A,2024-08-02,"Application rejected, no payments made","Application rejected, no payments made",rejected
457,66,4690557,611,14605468,agricultural,Irrigation equipment,24,25.0,779516,18708384,4102916,0,0,Farmer,49.0,54618547,Group Guarantee,Cash at Branch,Western,Rubanda,Planting Season (Mar-May),2023-10-01,"Application rejected, no payments made","Application rejected, no payments made",rejected
458,38,3575615,537,233255154,mortgage,Rental property,102,29.4,6243445,636831390,403576236,0,0,Boda Boda Rider,181.6,9008282,Business Inventory,SACCO Deduction,Central,Luweero,N/A,2024-03-08,"Application rejected, no payments made","Application rejected, no payments made",rejected
459,61,18777676,575,19266595,agricultural,Harvest labor,9,29.0,2407634,21668706,2402111,0,0,Self-Employed,45.0,217275547,Land Title,SACCO Deduction,Eastern,Namisindwa,Planting Season (Mar-May),2024-09-08,"Application rejected, no payments made","Application rejected, no payments made",rejected
460,39,8414220,524,15073013,agricultural,Livestock purchase,6,37.7,2795519,16773114,1700101,0,0,SACCO Member,55.0,65813774,Vehicle Logbook,Salary Deduction,Eastern,Kisoro,Planting Season (Mar-May),2024-06-21,"Application rejected, no payments made","Application rejected, no payments made",rejected
461,36,2878530,777,312187388,mortgage,Rental property,78,9.3,5348300,417167400,104980012,13,65,Farmer,211.1,26239208,Livestock,SACCO Deduction,Northern,Nebbi,N/A,2024-02-23,"Defaulted after 13 payments, 65 missed payments total","Paid months 1-13, then missed payments at months 1, 2, 3...77, 78",defaulted
462,36,5469136,622,303779631,mortgage,Home renovation,126,21.3,6051375,762473250,458693619,0,0,Unemployed,138.9,55625223,Savings Account,Cash at Branch,Eastern,Isingiro,N/A,2023-11-12,"Application rejected, no payments made","Application rejected, no payments made",rejected
463,21,2646001,564,5344093,personal,Wedding costs,36,27.0,218174,7854264,2510171,0,0,Construction Worker,22.4,13436157,Vehicle Logbook,Salary Deduction,Western,Kasese,N/A,2024-02-02,"Application rejected, no payments made","Application rejected, no payments made",rejected
464,20,25186071,637,28214369,agricultural,Irrigation equipment,15,27.7,2246768,33701520,5487151,0,0,SACCO Member,31.6,205820915,Savings Account,SACCO Deduction,Western,Kanungu,Harvest Season (Sep-Nov),2023-02-04,"Application rejected, no payments made","Application rejected, no payments made",rejected
465,37,11905483,611,19809423,education,Vocational training,48,25.7,664581,31899888,12090465,48,0,Security Guard,16.7,47534624,Vehicle Logbook,Bank Transfer,Northern,Pakwach,N/A,2024-03-06,"All payments on time, loan fully repaid","All payments on time, loan fully repaid",approved
466,58,9594673,602,32922053,agricultural,Harvest labor,24,24.1,1742269,41814456,8892403,0,0,Market Vendor,20.2,7198144,None,Bank Transfer,Eastern,Bududa,Planting Season (Mar-May),2024-08-12,"Application rejected, no payments made","Application rejected, no payments made",rejected
467,25,661728,669,8207419,business,Equipment purchase,60,22.2,227614,13656840,5449421,0,0,NGO Worker,43.4,2155824,Savings Account,Cash at Branch,Northern,Maracha,N/A,2023-10-16,"Application rejected, no payments made","Application rejected, no payments made",rejected
468,32,785456,680,5177510,education,University tuition,42,18.9,169444,7116648,1939138,0,0,Self-Employed,59.5,10723652,None,Bank Transfer,Eastern,Arua,N/A,2023-02-20,"Application rejected, no payments made","Application rejected, no payments made",rejected
469,45,3591180,577,4649778,personal,Home repairs,18,29.8,323485,5822730,1172952,18,0,Self-Employed,13.7,6068546,None,SACCO Deduction,Northern,Zombo,N/A,2023-09-30,"All payments on time, loan fully repaid","All payments on time, loan fully repaid",approved
470,38,8205064,573,11335746,education,Books and supplies,24,30.0,633814,15211536,3875790,4,19,Self-Employed,19.0,33433406,Savings Account,SACCO Deduction,Eastern,Busia,N/A,2024-04-06,"Defaulted after 4 payments, 19 missed payments total","Paid months 1-4, then missed payments at months 1, 2, 3...22, 23",defaulted
471,35,2435012,597,1390650,education,Boarding fees,12,27.9,134138,1609656,219006,0,0,Boda Boda Rider,46.2,35649185,Livestock,SACCO Deduction,Northern,Yumbe,N/A,2024-09-03,"Application rejected, no payments made","Application rejected, no payments made",rejected
472,36,984056,435,984526,personal,Family emergency,18,32.8,69979,1259622,275096,6,15,Civil Servant,15.4,2928682,Business Inventory,Salary Deduction,Central,Kampala,N/A,2023-05-16,"Defaulted after 6 payments, 15 missed payments total","Paid months 1-6, then missed payments at months 1, 2, 3...17, 18",defaulted
473,55,194042,498,646474,business,Shop expansion,54,36.6,24568,1326672,680198,20,32,Teacher,36.1,1635348,Salary Assignment,Salary Deduction,Eastern,Arua,N/A,2024-05-26,"Defaulted after 20 payments, 32 missed payments total","Paid months 1-20, then missed payments at months 1, 2, 3...51, 52",defaulted
474,37,8607823,729,43301272,agricultural,Seed and fertilizer,15,17.3,3230801,48462015,5160743,3,11,Teacher,61.3,73766024,None,Bank Transfer,Western,Ntoroko,Dry Season (Dec-Feb),2024-04-26,"Defaulted after 3 payments, 11 missed payments total","Paid months 1-3, then missed payments at months 1, 2, 3...13, 14",defaulted
475,36,889824,751,787097,personal,Home repairs,24,11.8,36978,887472,100375,0,0,Student,53.6,15837741,None,Mobile Money,Northern,Kole,N/A,2023-05-07,"Application rejected, no payments made","Application rejected, no payments made",rejected
476,42,697917,600,8296066,business,Shop expansion,54,24.1,253104,13667616,5371550,0,0,Self-Employed,71.9,8953494,Land Title,Salary Deduction,Eastern,Kibuku,N/A,2024-03-02,"Application rejected, no payments made","Application rejected, no payments made",rejected
477,24,2044614,666,1457879,personal,Medical expenses,18,19.1,93787,1688166,230287,0,0,Boda Boda Rider,50.4,33708363,Salary Assignment,Salary Deduction,Central,Kalangala,N/A,2023-11-28,"Application rejected, no payments made","Application rejected, no payments made",rejected
478,29,341294,644,1300250,education,Books and supplies,48,24.4,42679,2048592,748342,0,0,Construction Worker,12.7,26153,None,Cash at Branch,Central,Butambala,N/A,2023-05-13,"Application rejected, no payments made","Application rejected, no payments made",rejected
479,33,11723955,850,15450847,agricultural,Irrigation equipment,18,15.0,963898,17350164,1899317,18,0,Boda Boda Rider,33.8,107769226,Group Guarantee,Cash at Branch,Northern,Arua,Growing Season (Jun-Aug),2023-04-02,"All payments on time, loan fully repaid","All payments on time, loan fully repaid",approved
480,21,6366845,709,24898776,education,Vocational training,30,17.0,1024559,30736770,5837994,0,0,Student,48.8,74957868,None,SACCO Deduction,Central,Kayunga,N/A,2024-12-02,"Application rejected, no payments made","Application rejected, no payments made",rejected
481,58,500780,609,2554407,agricultural,Harvest labor,12,25.8,243774,2925288,370881,0,0,Construction Worker,62.9,2565386,SACCO Shares,SACCO Deduction,Western,Ibanda,Planting Season (Mar-May),2024-09-20,"Application rejected, no payments made","Application rejected, no payments made",rejected
482,31,1893422,543,3813474,personal,Medical expenses,27,35.8,207668,5607036,1793562,0,0,Private Sector,31.3,13832493,Mobile Money History,Salary Deduction,Eastern,Budaka,N/A,2024-05-04,"Application rejected, no payments made","Application rejected, no payments made",rejected
483,39,533997,491,1431015,agricultural,Irrigation equipment,12,33.8,142194,1706328,275313,0,0,Boda Boda Rider,28.9,428177,Mobile Money History,Mobile Money,Central,Wakiso,Dry Season (Dec-Feb),2024-11-07,"Application rejected, no payments made","Application rejected, no payments made",rejected
484,66,3562754,636,29354259,agricultural,Storage facility,6,26.0,5270007,31620042,2265783,0,0,Trader,152.1,5358198,Savings Account,SACCO Deduction,Northern,Agago,Planting Season (Mar-May),2023-11-01,"Application rejected, no payments made","Application rejected, no payments made",rejected
485,40,4408400,559,13657481,education,Books and supplies,30,29.9,651797,19553910,5896429,0,0,Security Guard,43.8,46094837,Savings Account,Mobile Money,Eastern,Rukungiri,N/A,2023-09-23,"Application rejected, no payments made","Application rejected, no payments made",rejected
486,63,960333,506,969550,personal,Family emergency,21,30.1,59955,1259055,289505,0,0,Civil Servant,21.5,5290213,Group Guarantee,Salary Deduction,Northern,Koboko,N/A,2024-09-25,"Application rejected, no payments made","Application rejected, no payments made",rejected
487,59,2413067,568,2676806,education,Boarding fees,30,26.5,122970,3689100,1012294,30,0,Market Vendor,5.7,482162,Livestock,Mobile Money,Central,Kampala,N/A,2023-09-05,"All payments on time, loan fully repaid","All payments on time, loan fully repaid",approved
488,47,11627097,533,33351322,business,Restaurant equipment,12,35.6,3343880,40126560,6775238,0,0,NGO Worker,33.0,17571910,Vehicle Logbook,Bank Transfer,Northern,Gulu,N/A,2024-12-20,"Application rejected, no payments made","Application rejected, no payments made",rejected
489,48,27820552,754,17288174,education,Boarding fees,24,11.2,807371,19376904,2088730,24,0,Civil Servant,22.3,193836535,Salary Assignment,Mobile Money,Northern,Lira,N/A,2024-03-18,"All payments on time, loan fully repaid","All payments on time, loan fully repaid",approved
490,46,11183061,690,559225703,mortgage,Rental property,198,20.0,9687589,1918142622,1358916919,0,0,Healthcare Worker,87.6,3725691,Mobile Money History,Salary Deduction,Northern,Lira,N/A,2023-08-26,"Application rejected, no payments made","Application rejected, no payments made",rejected
491,65,419943,619,95253871,mortgage,Home renovation,120,20.3,1859821,223178520,127924649,0,0,Student,487.5,6749235,Vehicle Logbook,SACCO Deduction,Northern,Lira,N/A,2024-04-04,"Application rejected, no payments made","Application rejected, no payments made",rejected
492,64,1338340,738,14214283,business,Restaurant equipment,48,16.8,408684,19616832,5402549,0,0,Teacher,44.1,6522139,None,Bank Transfer,Western,Kamwenge,N/A,2024-12-29,"Application rejected, no payments made","Application rejected, no payments made",rejected
493,44,24088170,626,22476868,education,School fees,18,22.8,1486105,26749890,4273022,18,0,Security Guard,29.2,199651679,Savings Account,Bank Transfer,Central,Kyankwanzi,N/A,2024-03-01,"All payments on time, loan fully repaid","All payments on time, loan fully repaid",approved
494,51,1439212,551,3729327,personal,Family emergency,3,29.5,1304723,3914169,184842,0,0,NGO Worker,100.8,5241390,Mobile Money History,Mobile Money,Eastern,Kasese,N/A,2024-03-16,"Application rejected, no payments made","Application rejected, no payments made",rejected
495,27,3006202,741,23314554,business,Transport business,48,19.0,697108,33461184,10146630,0,0,NGO Worker,45.4,24067157,Business Inventory,Bank Transfer,Central,Nakaseke,N/A,2024-11-16,"Application rejected, no payments made","Application rejected, no payments made",rejected
496,26,8672756,663,7889519,education,Boarding fees,12,21.1,735002,8820024,930505,12,0,Security Guard,28.8,63448756,Land Title,Salary Deduction,Central,Nakaseke,N/A,2023-05-01,"All payments on time, loan fully repaid","All payments on time, loan fully repaid",approved
497,33,17269137,537,23660960,agricultural,Seed and fertilizer,24,35.0,1384607,33230568,9569608,6,22,Market Vendor,37.3,182167761,Salary Assignment,Cash at Branch,Central,Mpigi,Growing Season (Jun-Aug),2023-09-09,"Defaulted after 6 payments, 22 missed payments total","Paid months 1-6, then missed payments at months 1, 2, 3...23, 24",defaulted
498,50,2059109,604,7277999,personal,Home repairs,15,24.9,569597,8543955,1265956,0,0,Self-Employed,44.3,12305490,Mobile Money History,SACCO Deduction,Eastern,Hoima,N/A,2024-03-15,"Application rejected, no payments made","Application rejected, no payments made",rejected
499,46,27393198,549,1369749317,mortgage,Home renovation,210,30.2,34659516,7278498360,5908749043,0,0,Construction Worker,127.6,10761983,Mobile Money History,Mobile Money,Eastern,Jinja,N/A,2024-02-16,"Application rejected, no payments made","Application rejected, no payments made",rejected
500,69,464454,509,548796,personal,Debt consolidation,33,35.4,26244,866052,317256,0,0,Student,8.5,483300,Group Guarantee,Salary Deduction,Western,Rubanda,N/A,2023-11-18,"Application rejected, no payments made","Application rejected, no payments made",rejected
